/*
    In dieser Datei sind folgende Insert-Statements enthalten:

    - INSERT INTO public.users (locked, id, hashed_password, "name", username, profile_picture)
        Anzahl: 2
    - INSERT INTO public.user_roles (user_id, roles)
        Anzahl: 2
    - INSERT INTO public.veranstaltung (id, semester, titel, user_id)
        Anzahl: 4
    - INSERT INTO public.veranstaltungstermin (id, datum, end_zeit, notizen, ort, start_zeit, veranstaltung_id, user_id)
        Anzahl: 9
    - INSERT INTO public.gruppenarbeit (id, beschreibung, titel, veranstaltungstermin_id, user_id)
        Anzahl: 6
    - INSERT INTO public.gruppe (id, nummer, gruppenarbeit_id, user_id)
        Anzahl: 18

    - INSERT INTO public.teilnehmer (matrikel_nr, nachname, vorname, "hinzugefügt am", user_id)
    - INSERT INTO public.veranstaltung_teilnehmer (teilnehmer_matrikel_nr, veranstaltungen_id)
    - INSERT INTO public.gruppe_teilnehmer (gruppe_id, teilnehmer_matrikel_nr)
    - INSERT INTO public.gruppenarbeit_teilnehmer (gruppenarbeit_id, teilnehmer_matrikel_nr)
*/


INSERT INTO public.users (locked, id, hashed_password, "name", username, profile_picture) VALUES
                                                                                                (false, 1, '$2a$10$jpLNVNeA7Ar/ZQ2DKbKCm.MuT2ESe.Qop96jipKMq7RaUgCoQedV.', 'Admin', 'admin', null),
                                                                                                (true, 2, '$2a$10$jpLNVNeA7Ar/ZQ2DKbKCm.MuT2ESe.Qop96jipKMq7RaUgCoQedV.', 'Test User', 'testUser', null);

INSERT INTO public.user_roles (user_id, roles) VALUES
                                                   (1, 'ADMIN'),
                                                   (2, 'USER');

INSERT INTO public.veranstaltung (id, semester, titel, user_id) VALUES
(1001, '2024-05-01', 'Materialwirtschaft und Produktionsplanung/-steuerung (Sose 2024-5 WI(P) 23)', 1),
(1002, '2024-05-01', 'Mathematik für Ökonomen (Sose 2024-5 M/S 01)', 1),
(1003, '2024-05-26', 'Webtechnologien (Sose 2024-5 WI(P) 13)', 1),
(1004, '2024-05-30', 'Softwareprojekt (Sose 2024-5 WI(P) 28)', 2);


INSERT INTO public.veranstaltungstermin (id, datum, end_zeit, titel, ort, start_zeit, veranstaltung_id, user_id) VALUES
                                                                                                                             (1, '2024-06-01', '12:00:00', 'Einführung in SE', 'Raum 101', '10:00:00', 1001, 1),
                                                                                                                             (2, '2024-06-02', '16:00:00', 'Fortgeschrittene Themen in SE', 'Raum 102', '14:00:00', 1001, 1),
                                                                                                                             (3, '2024-06-03', '11:00:00', 'Gruppenarbeit Präsentation', 'Raum 103', '09:00:00', 1001, 1),
                                                                                                                             (4, '2024-06-04', '13:00:00', 'Projektbesprechung', 'Raum 104', '11:00:00', 1002, 1),
                                                                                                                             (5, '2024-06-05', '15:00:00', 'Gastvortrag', 'Raum 105', '13:00:00', 1002, 1),
                                                                                                                             (6, '2024-06-06', '17:00:00', 'Abschlusspräsentation', 'Raum 106', '15:00:00', 1002, 1),
                                                                                                                             (7, '2024-06-07', '11:00:00', 'Feedback-Runde', 'Raum 107', '09:00:00', 1003, 1);

INSERT INTO public.gruppenarbeit (id, beschreibung, titel, veranstaltungstermin_id, user_id) VALUES
                                                                                        (1, 'Analyse von Markttrends und Erstellung eines Berichts', 'Marktanalyse', 1, 1),
                                                                                        (2, 'Entwicklung eines Prototypen für eine neue App', 'App-Entwicklung', 2, 1),
                                                                                        (3, 'Erstellung eines Marketingkonzepts für ein neues Produkt', 'Marketingkonzept', 3, 1),
                                                                                        (4, 'Durchführung einer Umfrage und Auswertung der Ergebnisse', 'Umfrage und Analyse', 1, 1),
                                                                                        (5, 'Entwicklung eines Businessplans für ein Startup', 'Businessplan', 2, 1),
                                                                                        (6, 'Analyse von Kundendaten und Erstellung eines Reports', 'Kundendatenanalyse', 2, 1);



INSERT INTO public.gruppe (id, nummer, gruppenarbeit_id, user_id) VALUES
                                                             (1, 1, 1, 1),
                                                             (2, 2, 1, 1),
                                                             (3, 3, 1, 1),
                                                             (4, 1, 2, 1),
                                                             (5, 2, 2, 1),
                                                             (6, 3, 2, 1),
                                                             (7, 4, 2, 1),
                                                             (8, 5, 2, 1),
                                                             (9, 6, 2, 1),
                                                             (10, 1, 3, 1),
                                                             (11, 1, 4, 1),
                                                             (12, 2, 4, 1),
                                                             (13, 1, 4, 1),
                                                             (14, 2, 4, 1),
                                                             (15, 3, 5, 1),
                                                             (16, 1, 6, 1),
                                                             (17, 2, 6, 1),
                                                             (18, 3, 6, 1);


INSERT INTO public.teilnehmer (matrikel_nr, nachname, vorname, "hinzugefügt am", user_id) VALUES
                                                                   (1000001, 'Müller', 'Max', now(), 1),
                                                                   (1000002, 'Schmidt', 'Anna', now(), 1),
                                                                   (1000003, 'Schneider', 'Paul', now(), 1),
                                                                   (1000004, 'Fischer', 'Marie', now(), 1),
                                                                   (1000005, 'Weber', 'Lukas', now(), 1),
                                                                   (1000006, 'Meyer', 'Laura', now(), 1),
                                                                   (1000007, 'Wagner', 'Jan', now(), 1),
                                                                   (1000008, 'Becker', 'Lisa', now(), 1),
                                                                   (1000009, 'Schulz', 'Tim', now(), 1),
                                                                   (1000010, 'Hoffmann', 'Sophie', now(), 1),
                                                                   (1000011, 'Koch', 'Leon', now(), 1),
                                                                   (1000012, 'Bauer', 'Julia', now(), 1),
                                                                   (1000013, 'Richter', 'Tom', now(), 1),
                                                                   (1000014, 'Klein', 'Clara', now(), 1),
                                                                   (1000015, 'Wolf', 'Nina', now(), 1),
                                                                   (1000016, 'Schröder', 'Ben', now(), 1),
                                                                   (1000017, 'Neumann', 'Mia', now(), 1),
                                                                   (1000018, 'Braun', 'Felix', now(), 1),
                                                                   (1000019, 'Krüger', 'Sarah', now(), 1),
                                                                   (1000020, 'Hofmann', 'Emma', now(), 1),
                                                                   (1000021, 'Hartmann', 'Jonas', now(), 1),
                                                                   (1000022, 'Lange', 'Lara', now(), 1),
                                                                   (1000023, 'Schmitt', 'Maximilian', now(), 1),
                                                                   (1000024, 'Werner', 'Johanna', now(), 1),
                                                                   (1000025, 'Krause', 'Luis', now(), 1),
                                                                   (1000026, 'Meier', 'Katharina', now(), 1),
                                                                   (1000027, 'Lehmann', 'David', now(), 1),
                                                                   (1000028, 'Schmid', 'Elena', now(), 1),
                                                                   (1000029, 'Schulze', 'Finn', now(), 1),
                                                                   (1000030, 'Maier', 'Lea', now(), 1),
                                                                   (1000031, 'Köhler', 'Jannis', now(), 1),
                                                                   (1000032, 'Herrmann', 'Amelie', now(), 1),
                                                                   (1000033, 'König', 'Marlon', now(), 1),
                                                                   (1000034, 'Walter', 'Hannah', now(), 1),
                                                                   (1000035, 'Mayer', 'Lennart', now(), 1),
                                                                   (1000036, 'Huber', 'Sofia', now(), 1),
                                                                   (1000037, 'Kaiser', 'Liam', now(), 1),
                                                                   (1000038, 'Fuchs', 'Emily', now(), 1),
                                                                   (1000039, 'Peters', 'Luca', now(), 1),
                                                                   (1000040, 'Scholz', 'Maja', now(), 1),
                                                                   (1000041, 'Lang', 'Henry', now(), 1),
                                                                   (1000042, 'Weiß', 'Anna-Lena', now(), 1),
                                                                   (1000043, 'Jung', 'Noah', now(), 1),
                                                                   (1000044, 'Hahn', 'Mila', now(), 1),
                                                                   (1000045, 'Schubert', 'Jakob', now(), 1),
                                                                   (1000046, 'Vogel', 'Emma-Sophie', now(), 1),
                                                                   (1000047, 'Friedrich', 'Benno', now(), 1),
                                                                   (1000048, 'Keller', 'Nele', now(), 1),
                                                                   (1000049, 'Günther', 'Elias', now(), 1),
                                                                   (1000050, 'Frank', 'Johann', now(), 1),
                                                                   (1000051, 'Berger', 'Thea', now(), 1),
                                                                   (1000052, 'Winkler', 'Moritz', now(), 1),
                                                                   (1000053, 'Roth', 'Emily-Marie', now(), 1),
                                                                   (1000054, 'Beck', 'Samuel', now(), 1),
                                                                   (1000055, 'Lorenz', 'Martha', now(), 1),
                                                                   (1000056, 'Baumann', 'Leonard', now(), 1),
                                                                   (1000057, 'Schuster', 'Annika', now(), 1),
                                                                   (1000058, 'Kraus', 'Mika', now(), 1),
                                                                   (1000059, 'Böhm', 'Paula', now(), 1),
                                                                   (1000060, 'Böttcher', 'Jonathan', now(), 1),
                                                                   (1000061, 'Simon', 'Greta', now(), 1),
                                                                   (1000062, 'Ludwig', 'Theo', now(), 1),
                                                                   (1000063, 'Bergmann', 'Charlotte', now(), 1),
                                                                   (1000064, 'Brandt', 'Julian', now(), 1),
                                                                   (1000065, 'Haas', 'Fiona', now(), 1),
                                                                   (1000066, 'Schreiber', 'Nico', now(), 1),
                                                                   (1000067, 'Schumacher', 'Alina', now(), 1),
                                                                   (1000068, 'Schmidt', 'Jonah', now(), 1),
                                                                   (1000069, 'Friedrichs', 'Melina', now(), 1),
                                                                   (1000070, 'Schramm', 'Fabian', now(), 1),
                                                                   (1000071, 'Heinrich', 'Lina', now(), 1),
                                                                   (1000072, 'Sauer', 'Lars', now(), 1),
                                                                   (1000073, 'Dietrich', 'Antonia', now(), 1),
                                                                   (1000074, 'Ziegler', 'Matteo', now(), 1),
                                                                   (1000075, 'Kern', 'Selina', now(), 1),
                                                                   (1000076, 'Pohl', 'Maxim', now(), 1),
                                                                   (1000077, 'Voigt', 'Jette', now(), 1),
                                                                   (1000078, 'Arnold', 'Tobias', now(), 1),
                                                                   (1000079, 'Busch', 'Franziska', now(), 1),
                                                                   (1000080, 'Möller', 'Aaron', now(), 1),
                                                                   (1000081, 'Reinhardt', 'Isabell', now(), 1),
                                                                   (1000082, 'Hermann', 'Philipp', now(), 1),
                                                                   (1000083, 'Ott', 'Svenja', now(), 1),
                                                                   (1000084, 'Seidel', 'Alexander', now(), 1),
                                                                   (1000085, 'Hofmann', 'Elisa', now(), 1),
                                                                   (1000086, 'Zander', 'Rafael', now(), 1),
                                                                   (1000087, 'Kruse', 'Helena', now(), 1),
                                                                   (1000088, 'Lenz', 'Martin', now(), 1),
                                                                   (1000089, 'Geiger', 'Isabella', now(), 1),
                                                                   (1000090, 'Brock', 'Linus', now(), 1),
                                                                   (1000091, 'Wulf', 'Lilly', now(), 1),
                                                                   (1000092, 'Meißner', 'Benjamin', now(), 1),
                                                                   (1000093, 'Pfeiffer', 'Magdalena', now(), 1),
                                                                   (1000094, 'Hesse', 'Christopher', now(), 1),
                                                                   (1000095, 'Vogt', 'Clara-Marie', now(), 1),
                                                                   (1000096, 'Henning', 'Joshua', now(), 1),
                                                                   (1000097, 'Merkel', 'Lena', now(), 1),
                                                                   (1000098, 'Heß', 'Emil', now(), 1),
                                                                   (1000099, 'Breuer', 'Marie-Luise', now(), 1),
                                                                   (1000100, 'Schwarz', 'Timothy', now(), 1),

                                                                   (1000101, 'Bauer', 'Sophie', now(), 2),
                                                                   (1000102, 'König', 'Elias', now(), 2),
                                                                   (1000103, 'Kaiser', 'Emilia', now(), 2),
                                                                   (1000104, 'Schulz', 'Noah', now(), 2),
                                                                   (1000105, 'Richter', 'Lina', now(), 2),
                                                                   (1000106, 'Wolf', 'Oscar', now(), 2),
                                                                   (1000107, 'Neumann', 'Mila', now(), 2),
                                                                   (1000108, 'Schwarz', 'Theo', now(), 2),
                                                                   (1000109, 'Braun', 'Hannah', now(), 2),
                                                                   (1000110, 'Krüger', 'Luisa', now(), 2),
                                                                   (1000111, 'Hofmann', 'Felix', now(), 2),
                                                                   (1000112, 'Lange', 'Charlotte', now(), 2),
                                                                   (1000113, 'Hartmann', 'Paul', now(), 2);

INSERT INTO public.veranstaltung_teilnehmer (teilnehmer_matrikel_nr, veranstaltungen_id) VALUES
                                                                                           (1000001, 1001),
                                                                                           (1000002, 1001),
                                                                                           (1000003, 1001),
                                                                                           (1000004, 1001),
                                                                                           (1000005, 1001),
                                                                                           (1000006, 1001),
                                                                                           (1000007, 1001),
                                                                                           (1000008, 1001),
                                                                                           (1000009, 1001),
                                                                                           (1000010, 1001),
                                                                                           (1000011, 1001),
                                                                                           (1000012, 1001),
                                                                                           (1000013, 1001),
                                                                                           (1000014, 1001),
                                                                                           (1000015, 1001),
                                                                                           (1000016, 1001),
                                                                                           (1000017, 1001),
                                                                                           (1000018, 1001),
                                                                                           (1000019, 1001),
                                                                                           (1000020, 1001),
                                                                                           (1000021, 1001),
                                                                                           (1000022, 1001),
                                                                                           (1000023, 1001),
                                                                                           (1000024, 1001),
                                                                                           (1000025, 1001),
                                                                                           (1000026, 1001),
                                                                                           (1000027, 1001),
                                                                                           (1000028, 1001),
                                                                                           (1000029, 1001),
                                                                                           (1000030, 1001),
                                                                                           (1000031, 1001),
                                                                                           (1000032, 1001),
                                                                                           (1000033, 1001),
                                                                                           (1000034, 1001),
                                                                                           (1000035, 1001),
                                                                                           (1000036, 1001),
                                                                                           (1000037, 1001),
                                                                                           (1000038, 1001),
                                                                                           (1000039, 1001),
                                                                                           (1000040, 1001),
                                                                                           (1000041, 1001),
                                                                                           (1000042, 1001),
                                                                                           (1000043, 1001),
                                                                                           (1000044, 1001),
                                                                                           (1000045, 1001),
                                                                                           (1000046, 1001),
                                                                                           (1000047, 1001),
                                                                                           (1000048, 1001),
                                                                                           (1000049, 1001),
                                                                                           (1000050, 1001),
                                                                                           (1000051, 1001),
                                                                                           (1000052, 1001),
                                                                                           (1000053, 1001),
                                                                                           (1000054, 1001),
                                                                                           (1000055, 1001),
                                                                                           (1000056, 1001),
                                                                                           (1000057, 1001),
                                                                                           (1000058, 1001),
                                                                                           (1000059, 1001),
                                                                                           (1000060, 1001),
                                                                                           (1000061, 1001),
                                                                                           (1000062, 1001),
                                                                                           (1000063, 1001),
                                                                                           (1000064, 1001),
                                                                                           (1000065, 1001),
                                                                                           (1000066, 1001),
                                                                                           (1000067, 1001),
                                                                                           (1000068, 1001),
                                                                                           (1000069, 1001),
                                                                                           (1000070, 1001),
                                                                                           (1000071, 1001),
                                                                                           (1000072, 1001),
                                                                                           (1000073, 1001),

                                                                                           (1000001, 1002),
                                                                                           (1000002, 1002),
                                                                                           (1000003, 1002),
                                                                                           (1000004, 1002),
                                                                                           (1000005, 1002),
                                                                                           (1000006, 1002),
                                                                                           (1000007, 1002),
                                                                                           (1000008, 1002),
                                                                                           (1000009, 1002),
                                                                                           (1000010, 1002),
                                                                                           (1000011, 1002),
                                                                                           (1000012, 1002),
                                                                                           (1000013, 1002),
                                                                                           (1000014, 1002),
                                                                                           (1000015, 1002),
                                                                                           (1000016, 1002),
                                                                                           (1000017, 1002),
                                                                                           (1000018, 1002),
                                                                                           (1000019, 1002),
                                                                                           (1000020, 1002),
                                                                                           (1000021, 1002),
                                                                                           (1000022, 1002),
                                                                                           (1000023, 1002),
                                                                                           (1000024, 1002),
                                                                                           (1000025, 1002),
                                                                                           (1000026, 1002),
                                                                                           (1000027, 1002),
                                                                                           (1000028, 1002),
                                                                                           (1000029, 1002),
                                                                                           (1000030, 1002),
                                                                                           (1000031, 1002),
                                                                                           (1000032, 1002),
                                                                                           (1000033, 1002),
                                                                                           (1000034, 1002),
                                                                                           (1000035, 1002),
                                                                                           (1000036, 1002),
                                                                                           (1000037, 1002),
                                                                                           (1000038, 1002),
                                                                                           (1000039, 1002),
                                                                                           (1000040, 1002),
                                                                                           (1000041, 1002),
                                                                                           (1000042, 1002),
                                                                                           (1000043, 1002),
                                                                                           (1000044, 1002),
                                                                                           (1000045, 1002),
                                                                                           (1000046, 1002),
                                                                                           (1000001, 1003),
                                                                                           (1000002, 1003),
                                                                                           (1000003, 1003),
                                                                                           (1000004, 1003),
                                                                                           (1000005, 1003),
                                                                                           (1000006, 1003),
                                                                                           (1000007, 1003),
                                                                                           (1000008, 1003),
                                                                                           (1000009, 1003),
                                                                                           (1000010, 1003),
                                                                                           (1000011, 1003),
                                                                                           (1000012, 1003),
                                                                                           (1000013, 1003),
                                                                                           (1000014, 1003),
                                                                                           (1000015, 1003),
                                                                                           (1000016, 1003),
                                                                                           (1000017, 1003),
                                                                                           (1000018, 1003),
                                                                                           (1000019, 1003),
                                                                                           (1000020, 1003),
                                                                                           (1000021, 1003),
                                                                                           (1000022, 1003),
                                                                                           (1000023, 1003),
                                                                                           (1000024, 1003),
                                                                                           (1000025, 1003),
                                                                                           (1000026, 1003),
                                                                                           (1000027, 1003),
                                                                                           (1000028, 1003),
                                                                                           (1000029, 1003),
                                                                                           (1000030, 1003),
                                                                                           (1000031, 1003),
                                                                                           (1000032, 1003),
                                                                                           (1000033, 1003),
                                                                                           (1000034, 1003),
                                                                                           (1000035, 1003),
                                                                                           (1000036, 1003),
                                                                                           (1000037, 1003),
                                                                                           (1000038, 1003),
                                                                                           (1000039, 1003),
                                                                                           (1000040, 1003),
                                                                                           (1000041, 1003),
                                                                                           (1000042, 1003),
                                                                                           (1000043, 1003),
                                                                                           (1000044, 1003),
                                                                                           (1000045, 1003),
                                                                                           (1000046, 1003),
                                                                                           (1000047, 1003),
                                                                                           (1000048, 1003),
                                                                                           (1000049, 1003),
                                                                                           (1000050, 1003),
                                                                                           (1000051, 1003),
                                                                                           (1000052, 1003),
                                                                                           (1000053, 1003),
                                                                                           (1000054, 1003),
                                                                                           (1000055, 1003),

                                                                                           (1000101, 1004),
                                                                                           (1000102, 1004),
                                                                                           (1000103, 1004),
                                                                                           (1000104, 1004),
                                                                                           (1000105, 1004),
                                                                                           (1000106, 1004),
                                                                                           (1000107, 1004),
                                                                                           (1000108, 1004),
                                                                                           (1000109, 1004),
                                                                                           (1000110, 1004),
                                                                                           (1000111, 1004);

INSERT INTO public.gruppe_teilnehmer (gruppen_id, teilnehmer_matrikel_nr) VALUES
                                                                             (1, 1000001),
                                                                             (1, 1000002),
                                                                             (1, 1000003),
                                                                             (1, 1000004),
                                                                             (1, 1000005),
                                                                             (1, 1000006),
                                                                             (1, 1000007),
                                                                             (1, 1000008),

                                                                             (2, 1000009),
                                                                             (2, 1000010),
                                                                             (2, 1000011),
                                                                             (2, 1000012),
                                                                             (2, 1000013),
                                                                             (2, 1000014),
                                                                             (2, 1000015),
                                                                             (2, 1000016),

                                                                             (3, 1000017),
                                                                             (3, 1000018),
                                                                             (3, 1000019),
                                                                             (3, 1000020),
                                                                             (3, 1000021),
                                                                             (3, 1000022),
                                                                             (3, 1000023),

                                                                             (4, 1000001),
                                                                             (4, 1000002),
                                                                             (4, 1000003),
                                                                             (4, 1000004),

                                                                             (5, 1000005),
                                                                             (5, 1000006),
                                                                             (5, 1000007),
                                                                             (5, 1000008),

                                                                             (6, 1000009),
                                                                             (6, 1000010),
                                                                             (6, 1000011),
                                                                             (6, 1000012),

                                                                             (7, 1000013),
                                                                             (7, 1000014),
                                                                             (7, 1000015),
                                                                             (7, 1000016),

                                                                             (8, 1000017),
                                                                             (8, 1000018),
                                                                             (8, 1000019),
                                                                             (8, 1000020),

                                                                             (9, 1000021),
                                                                             (9, 1000022),
                                                                             (9, 1000023),
                                                                             (9, 1000024),
                                                                             (9, 1000025),

                                                                                (10, 1000026),
                                                                                (10, 1000027),
                                                                                (10, 1000028),
                                                                                (10, 1000029),
                                                                                (10, 1000030),
                                                                                (10, 1000031),
                                                                                (10, 1000032),
                                                                                (10, 1000033),

                                                                                (11, 1000034),
                                                                                (11, 1000035),
                                                                                (11, 1000036),
                                                                                (11, 1000037),
                                                                                (11, 1000038),
                                                                                (11, 1000039),

                                                                                (12, 1000042),
                                                                                (12, 1000043),
                                                                                (12, 1000044),
                                                                                (12, 1000045),
                                                                                (12, 1000046),
                                                                                (12, 1000047),

                                                                                (13, 1000050),
                                                                                (13, 1000051),
                                                                                (13, 1000052),
                                                                                (13, 1000053),
                                                                                (13, 1000054),
                                                                                (13, 1000055),

                                                                                (14, 1000058),
                                                                                (14, 1000059),
                                                                                (14, 1000060),
                                                                                (14, 1000061),
                                                                                (14, 1000062),

                                                                                (15, 1000066),
                                                                                (15, 1000067),
                                                                                (15, 1000068),
                                                                                (15, 1000069),
                                                                                (15, 1000070),
                                                                                (15, 1000071),
                                                                                (15, 1000072),
                                                                                (15, 1000073),

                                                                                (16, 1000001),
                                                                                (16, 1000002),
                                                                                (16, 1000003),

                                                                                (17, 1000009),
                                                                                (17, 1000010),
                                                                                (17, 1000011),

                                                                                (18, 1000017),
                                                                                (18, 1000018),
                                                                                (18, 1000019),
                                                                                (18, 1000020);

INSERT INTO public.gruppenarbeit_teilnehmer (gruppenarbeiten_id, teilnehmer_matrikel_nr, punkte) VALUES
    (1, 1000001, 1),
    (1, 1000002, null),
    (1, 1000003, null),
    (1, 1000004, null),
    (1, 1000005, null),
    (1, 1000006, null),
    (1, 1000007, null),
    (1, 1000008, 2),
    (1, 1000009, null),
    (1, 1000010, null),
    (1, 1000011, null),
    (1, 1000012, 1),
    (1, 1000013, null),
    (1, 1000014, null),
    (1, 1000015, 1.5),
    (1, 1000016, null),
    (1, 1000017, null),
    (1, 1000018, null),
    (1, 1000019, null),
    (1, 1000020, null),
    (1, 1000021, null),
    (1, 1000022, null),
    (1, 1000023, null),
    (1, 1000024, null),
    (1, 1000025, null),
    (1, 1000026, null),
    (1, 1000027, null),
    (1, 1000028, null),
    (1, 1000029, null),
    (1, 1000030, null),
    (1, 1000031, null),
    (1, 1000032, 2),
    (1, 1000033, null),
    (1, 1000034, null),
    (1, 1000035, null),
    (1, 1000036, null),
    (1, 1000037, null),
    (1, 1000038, null),
    (1, 1000039, null),
    (1, 1000040, 1),
    (1, 1000041, null),
    (1, 1000042, null),
    (1, 1000043, null),
    (1, 1000044, null),
    (1, 1000045, null),
    (1, 1000046, null),
    (1, 1000047, null),
    (1, 1000048, null),
    (1, 1000049, null),
    (1, 1000050, null),
    (1, 1000051, null),
    (1, 1000052, null),
    (1, 1000053, null),
    (1, 1000054, null),
    (1, 1000055, null),
    (1, 1000056, null),
    (1, 1000057, null),
    (1, 1000058, 1),
    (1, 1000059, null),
    (1, 1000060, null),
    (1, 1000061, null),
    (1, 1000062, null),
    (1, 1000063, 2),
    (1, 1000064, null),
    (1, 1000065, null),
    (1, 1000066, null),
    (1, 1000067, null),
    (1, 1000068, null),
    (1, 1000069, null),
    (1, 1000070, null),
    (1, 1000071, null),
    (1, 1000072, null),
    (1, 1000073, null),

    (2, 1000001, null),
    (2, 1000002, null),
    (2, 1000003, null),
    (2, 1000004, null),
    (2, 1000005, 2),
    (2, 1000006, null),
    (2, 1000007, null),
    (2, 1000008, 1),
    (2, 1000009, null),
    (2, 1000010, null),
    (2, 1000011, null),
    (2, 1000012, null),
    (2, 1000013, 1.5),
    (2, 1000014, null),
    (2, 1000015, null),
    (2, 1000016, null),
    (2, 1000017, null),
    (2, 1000018, null),
    (2, 1000019, null),
    (2, 1000020, null),
    (2, 1000021, null),
    (2, 1000022, null),
    (2, 1000023, 1),
    (2, 1000024, null),
    (2, 1000025, null),
    (2, 1000026, null),
    (2, 1000027, null),
    (2, 1000028, null),
    (2, 1000029, null),
    (2, 1000030, null),
    (2, 1000031, null),
    (2, 1000032, null),
    (2, 1000033, null),
    (2, 1000034, null),
    (2, 1000035, null),
    (2, 1000036, null),
    (2, 1000037, null),
    (2, 1000038, null),
    (2, 1000039, 1),
    (2, 1000040, null),
    (2, 1000041, null),
    (2, 1000042, null),
    (2, 1000043, null),
    (2, 1000044, 1.5),
    (2, 1000045, null),
    (2, 1000046, null),
    (2, 1000047, null),
    (2, 1000048, null),
    (2, 1000049, null),
    (2, 1000050, null),
    (2, 1000051, null),
    (2, 1000052, null),
    (2, 1000053, null),
    (2, 1000054, null),
    (2, 1000055, null),
    (2, 1000056, null),
    (2, 1000057, null),
    (2, 1000058, null),
    (2, 1000059, null),
    (2, 1000060, 1),
    (2, 1000061, null),
    (2, 1000062, null),
    (2, 1000063, null),
    (2, 1000064, null),
    (2, 1000065, null),
    (2, 1000066, null),
    (2, 1000067, null),
    (2, 1000068, null),
    (2, 1000069, null),
    (2, 1000070, null),
    (2, 1000071, null),
    (2, 1000072, null),
    (2, 1000073, null),

    (3, 1000001, null),
    (3, 1000002, null),
    (3, 1000003, null),
    (3, 1000004, 1),
    (3, 1000005, null),
    (3, 1000006, null),
    (3, 1000007, null),
    (3, 1000008, null),
    (3, 1000009, 1.5),
    (3, 1000010, null),
    (3, 1000011, null),
    (3, 1000012, null),
    (3, 1000013, null),
    (3, 1000014, null),
    (3, 1000015, null),
    (3, 1000016, null),
    (3, 1000017, null),
    (3, 1000018, null),
    (3, 1000019, null),
    (3, 1000020, null),
    (3, 1000021, null),
    (3, 1000022, null),
    (3, 1000023, null),
    (3, 1000024, null),
    (3, 1000025, null),
    (3, 1000026, null),
    (3, 1000027, null),
    (3, 1000028, null),
    (3, 1000029, null),
    (3, 1000030, null),
    (3, 1000031, null),
    (3, 1000032, null),
    (3, 1000033, null),
    (3, 1000034, 1.5),
    (3, 1000035, null),
    (3, 1000036, null),
    (3, 1000037, null),
    (3, 1000038, null),
    (3, 1000039, null),
    (3, 1000040, null),
    (3, 1000041, null),
    (3, 1000042, null),
    (3, 1000043, null),
    (3, 1000044, null),
    (3, 1000045, null),
    (3, 1000046, null),
    (3, 1000047, null),
    (3, 1000048, null),
    (3, 1000049, null),
    (3, 1000050, null),
    (3, 1000051, null),
    (3, 1000052, null),
    (3, 1000053, null),
    (3, 1000054, null),
    (3, 1000055, null),
    (3, 1000056, null),
    (3, 1000057, null),
    (3, 1000058, null),
    (3, 1000059, null),
    (3, 1000060, null),
    (3, 1000061, null),
    (3, 1000062, null),
    (3, 1000063, null),
    (3, 1000064, null),
    (3, 1000065, null),
    (3, 1000066, null),
    (3, 1000067, null),
    (3, 1000068, null),
    (3, 1000069, null),
    (3, 1000070, null),
    (3, 1000071, null),
    (3, 1000072, null),
    (3, 1000073, null),

    (4, 1000001, null),
    (4, 1000002, null),
    (4, 1000003, null),
    (4, 1000004, null),
    (4, 1000005, null),
    (4, 1000006, null),
    (4, 1000007, null),
    (4, 1000008, null),
    (4, 1000009, null),
    (4, 1000010, null),
    (4, 1000011, null),
    (4, 1000012, null),
    (4, 1000013, null),
    (4, 1000014, null),
    (4, 1000015, null),
    (4, 1000016, null),
    (4, 1000017, null),
    (4, 1000018, null),
    (4, 1000019, null),
    (4, 1000020, null),
    (4, 1000021, null),
    (4, 1000022, null),
    (4, 1000023, null),
    (4, 1000024, null),
    (4, 1000025, null),
    (4, 1000026, null),
    (4, 1000027, null),
    (4, 1000028, null),
    (4, 1000029, null),
    (4, 1000030, null),
    (4, 1000031, null),
    (4, 1000032, null),
    (4, 1000033, null),
    (4, 1000034, null),
    (4, 1000035, null),
    (4, 1000036, null),
    (4, 1000037, null),
    (4, 1000038, null),
    (4, 1000039, null),
    (4, 1000040, null),
    (4, 1000041, null),
    (4, 1000042, null),
    (4, 1000043, null),
    (4, 1000044, null),
    (4, 1000045, null),
    (4, 1000046, null),

    (5, 1000001, null),
    (5, 1000002, null),
    (5, 1000003, null),
    (5, 1000004, null),
    (5, 1000005, null),
    (5, 1000006, null),
    (5, 1000007, null),
    (5, 1000008, null),
    (5, 1000009, null),
    (5, 1000010, null),
    (5, 1000011, null),
    (5, 1000012, null),
    (5, 1000013, null),
    (5, 1000014, null),
    (5, 1000015, null),
    (5, 1000016, null),
    (5, 1000017, null),
    (5, 1000018, null),
    (5, 1000019, null),
    (5, 1000020, 1.5),
    (5, 1000021, null),
    (5, 1000022, null),
    (5, 1000023, null),
    (5, 1000024, null),
    (5, 1000025, null),
    (5, 1000026, 1.5),
    (5, 1000027, null),
    (5, 1000028, null),
    (5, 1000029, null),
    (5, 1000030, null),
    (5, 1000031, 2),
    (5, 1000032, null),
    (5, 1000033, null),
    (5, 1000034, null),
    (5, 1000035, null),
    (5, 1000036, null),
    (5, 1000037, null),
    (5, 1000038, null),
    (5, 1000039, null),
    (5, 1000040, null),
    (5, 1000041, null),
    (5, 1000042, null),
    (5, 1000043, null),
    (5, 1000044, null),
    (5, 1000045, null),
    (5, 1000046, null),

    (6, 1000001, null),
    (6, 1000002, null),
    (6, 1000003, null),
    (6, 1000004, null),
    (6, 1000005, null),
    (6, 1000006, 2),
    (6, 1000007, null),
    (6, 1000008, null),
    (6, 1000009, null),
    (6, 1000010, null),
    (6, 1000011, null),
    (6, 1000012, 1.5),
    (6, 1000013, null),
    (6, 1000014, null),
    (6, 1000015, null),
    (6, 1000016, null),
    (6, 1000017, null),
    (6, 1000018, null),
    (6, 1000019, null),
    (6, 1000020, null),
    (6, 1000021, null),
    (6, 1000022, null),
    (6, 1000023, null),
    (6, 1000024, null),
    (6, 1000025, null),
    (6, 1000026, null),
    (6, 1000027, null),
    (6, 1000028, null),
    (6, 1000029, null),
    (6, 1000030, null),
    (6, 1000031, 2),
    (6, 1000032, null),
    (6, 1000033, null),
    (6, 1000034, null),
    (6, 1000035, 1.5),
    (6, 1000036, null),
    (6, 1000037, null),
    (6, 1000038, null),
    (6, 1000039, null),
    (6, 1000040, null),
    (6, 1000041, null),
    (6, 1000042, null),
    (6, 1000043, null),
    (6, 1000044, null),
    (6, 1000045, null),
    (6, 1000046, null);
