INSERT INTO public.veranstaltung (veranstaltungs_id, semester, titel, user_id) VALUES
(1001, '2024-05-01', 'Mathe', null),
(1002, '2024-05-01', 'Datenbanken', null),
(1003, '2024-05-26', 'Programmieren 1', null);


INSERT INTO public.veranstaltungstermin (id, datum, end_zeit, notizen, ort, start_zeit, veranstaltung_veranstaltungs_id) VALUES
                                                                                                                             (1, '2024-06-01', '12:00:00', 'Einführung in SE', 'Raum 101', '10:00:00', 1001),
                                                                                                                             (2, '2024-06-02', '16:00:00', 'Fortgeschrittene Themen in SE', 'Raum 102', '14:00:00', 1001),
                                                                                                                             (3, '2024-06-03', '11:00:00', 'Gruppenarbeit Präsentation', 'Raum 103', '09:00:00', 1001),
                                                                                                                             (4, '2024-06-04', '13:00:00', 'Projektbesprechung', 'Raum 104', '11:00:00', 1002),
                                                                                                                             (5, '2024-06-05', '15:00:00', 'Gastvortrag', 'Raum 105', '13:00:00', 1002),
                                                                                                                             (6, '2024-06-06', '17:00:00', 'Abschlusspräsentation', 'Raum 106', '15:00:00', 1002),
                                                                                                                              (7, '2024-06-07', '11:00:00', 'Feedback-Runde', 'Raum 107', '09:00:00', 1003),
                                                                                                                             (8, '2024-06-08', '12:00:00', 'Diskussion über Ergebnisse', 'Raum 108', '10:00:00', 1003),
                                                                                                                             (9, '2024-06-09', '14:00:00', 'Team-Meeting', 'Raum 109', '12:00:00', 1003),
                                                                                                                             (10, '2024-06-10', '16:00:00', 'Klausurvorbereitung', 'Raum 110', '14:00:00', 1003);
INSERT INTO public.users
(is_admin, id, hashed_password, "name", username, profile_picture)
VALUES(true, 1, '$2a$10$jpLNVNeA7Ar/ZQ2DKbKCm.MuT2ESe.Qop96jipKMq7RaUgCoQedV.', 'admin', 'admin', null);

INSERT INTO public.user_roles
(user_id, roles)
VALUES(1, 'ADMIN');

INSERT INTO public.gruppenarbeit (id, beschreibung, titel, veranstaltungstermin_id) VALUES
                                                                                        (1, 'Analyse von Markttrends und Erstellung eines Berichts', 'Marktanalyse', 1),
                                                                                        (2, 'Entwicklung eines Prototypen für eine neue App', 'App-Entwicklung', 2),
                                                                                        (3, 'Erstellung eines Marketingkonzepts für ein neues Produkt', 'Marketingkonzept', 3),
                                                                                        (4, 'Durchführung einer Umfrage und Auswertung der Ergebnisse', 'Umfrage und Analyse', 4),
                                                                                        (5, 'Entwicklung eines Businessplans für ein Startup', 'Businessplan', 5),
                                                                                        (6, 'Analyse von Kundendaten und Erstellung eines Reports', 'Kundendatenanalyse', 6),
                                                                                        (7, 'Planung und Durchführung eines Events', 'Eventplanung', 7),
                                                                                        (8, 'Untersuchung der Auswirkungen von Social Media auf Konsumverhalten', 'Social Media Analyse', 8),
                                                                                        (9, 'Entwicklung eines Nachhaltigkeitskonzepts für ein Unternehmen', 'Nachhaltigkeitskonzept', 9),
                                                                                        (10, 'Durchführung einer SWOT-Analyse für ein bestehendes Unternehmen', 'SWOT-Analyse', 10),
                                                                                        (11, 'Erstellung eines Finanzplans für ein Projekt', 'Finanzplan', 1),
                                                                                        (12, 'Analyse von Wettbewerberdaten', 'Wettbewerbsanalyse', 2),
                                                                                        (13, 'Entwicklung eines neuen Vertriebskonzepts', 'Vertriebskonzept', 3),
                                                                                        (14, 'Optimierung von Geschäftsprozessen', 'Prozessoptimierung', 4),
                                                                                        (15, 'Planung einer Marketingkampagne', 'Marketingkampagne', 5),
                                                                                        (16, 'Durchführung einer Marktsegmentierungsstudie', 'Marktsegmentierung', 6),
                                                                                        (17, 'Erstellung eines IT-Sicherheitskonzepts', 'IT-Sicherheitskonzept', 7),
                                                                                        (18, 'Analyse von Social-Media-Daten', 'Social-Media-Analyse', 8),
                                                                                        (19, 'Entwicklung eines E-Learning-Moduls', 'E-Learning', 9),
                                                                                        (20, 'Planung und Durchführung eines Workshops', 'Workshop', 10),
                                                                                        (21, 'Erstellung eines Nachhaltigkeitsberichts', 'Nachhaltigkeitsbericht', 1),
                                                                                        (22, 'Durchführung einer SWOT-Analyse für ein neues Projekt', 'Projekt SWOT-Analyse', 2),
                                                                                        (23, 'Analyse der Kundenbindung', 'Kundenbindung Analyse', 3),
                                                                                        (24, 'Entwicklung eines neuen Serviceangebots', 'Serviceangebot', 4),
                                                                                        (25, 'Planung und Durchführung einer Produktpräsentation', 'Produktpräsentation', 5);


INSERT INTO public.gruppe (id, nummer, gruppenarbeit_id) VALUES
                                                             (1, 1, 1),
                                                             (2, 2, 1),
                                                             (3, 3, 1),
                                                             (4, 4, 2),
                                                             (5, 5, 2),
                                                             (6, 6, 2),
                                                             (7, 7, 3),
                                                             (8, 8, 3),
                                                             (9, 9, 3),
                                                             (10, 10, 4),
                                                             (11, 11, 4),
                                                             (12, 12, 4),
                                                             (13, 13, 5),
                                                             (14, 14, 5),
                                                             (15, 15, 5),
                                                             (16, 16, 6),
                                                             (17, 17, 6),
                                                             (18, 18, 6),
                                                             (19, 19, 7),
                                                             (20, 20, 7),
                                                             (21, 21, 7),
                                                             (22, 22, 8),
                                                             (23, 23, 8),
                                                             (24, 24, 8),
                                                             (25, 25, 9),
                                                             (26, 26, 9),
                                                             (27, 27, 9),
                                                             (28, 28, 10),
                                                             (29, 29, 10),
                                                             (30, 30, 10),
                                                             (31, 31, 11),
                                                             (32, 32, 11),
                                                             (33, 33, 11),
                                                             (34, 34, 12),
                                                             (35, 35, 12),
                                                             (36, 36, 12),
                                                             (37, 37, 13),
                                                             (38, 38, 13),
                                                             (39, 39, 13),
                                                             (40, 40, 14),
                                                             (41, 41, 14),
                                                             (42, 42, 14),
                                                             (43, 43, 15),
                                                             (44, 44, 15),
                                                             (45, 45, 15),
                                                             (46, 46, 16),
                                                             (47, 47, 16),
                                                             (48, 48, 16),
                                                             (49, 49, 17),
                                                             (50, 50, 17),
                                                             (51, 51, 17),
                                                             (52, 52, 18),
                                                             (53, 53, 18),
                                                             (54, 54, 18),
                                                             (55, 55, 19),
                                                             (56, 56, 19),
                                                             (57, 57, 19),
                                                             (58, 58, 20),
                                                             (59, 59, 20),
                                                             (60, 60, 20),
                                                             (61, 61, 21),
                                                             (62, 62, 21),
                                                             (63, 63, 21),
                                                             (64, 64, 22),
                                                             (65, 65, 22),
                                                             (66, 66, 22),
                                                             (67, 67, 23),
                                                             (68, 68, 23),
                                                             (69, 69, 23),
                                                             (70, 70, 24),
                                                             (71, 71, 24),
                                                             (72, 72, 24),
                                                             (73, 73, 25),
                                                             (74, 74, 25),
                                                             (75, 75, 25);

INSERT INTO public.teilnehmer (matrikel_nr, nachname, vorname) VALUES
                                                                   (1000001, 'Müller', 'Max'),
                                                                   (1000002, 'Schmidt', 'Anna'),
                                                                   (1000003, 'Schneider', 'Paul'),
                                                                   (1000004, 'Fischer', 'Marie'),
                                                                   (1000005, 'Weber', 'Lukas'),
                                                                   (1000006, 'Meyer', 'Laura'),
                                                                   (1000007, 'Wagner', 'Jan'),
                                                                   (1000008, 'Becker', 'Lisa'),
                                                                   (1000009, 'Schulz', 'Tim'),
                                                                   (1000010, 'Hoffmann', 'Sophie'),
                                                                   (1000011, 'Koch', 'Leon'),
                                                                   (1000012, 'Bauer', 'Julia'),
                                                                   (1000013, 'Richter', 'Tom'),
                                                                   (1000014, 'Klein', 'Clara'),
                                                                   (1000015, 'Wolf', 'Nina'),
                                                                   (1000016, 'Schröder', 'Ben'),
                                                                   (1000017, 'Neumann', 'Mia'),
                                                                   (1000018, 'Braun', 'Felix'),
                                                                   (1000019, 'Krüger', 'Sarah'),
                                                                   (1000020, 'Hofmann', 'Emma'),
                                                                   (1000021, 'Hartmann', 'Jonas'),
                                                                   (1000022, 'Lange', 'Lara'),
                                                                   (1000023, 'Schmitt', 'Maximilian'),
                                                                   (1000024, 'Werner', 'Johanna'),
                                                                   (1000025, 'Krause', 'Luis'),
                                                                   (1000026, 'Meier', 'Katharina'),
                                                                   (1000027, 'Lehmann', 'David'),
                                                                   (1000028, 'Schmid', 'Elena'),
                                                                   (1000029, 'Schulze', 'Finn'),
                                                                   (1000030, 'Maier', 'Lea'),
                                                                   (1000031, 'Köhler', 'Jannis'),
                                                                   (1000032, 'Herrmann', 'Amelie'),
                                                                   (1000033, 'König', 'Marlon'),
                                                                   (1000034, 'Walter', 'Hannah'),
                                                                   (1000035, 'Mayer', 'Lennart'),
                                                                   (1000036, 'Huber', 'Sofia'),
                                                                   (1000037, 'Kaiser', 'Liam'),
                                                                   (1000038, 'Fuchs', 'Emily'),
                                                                   (1000039, 'Peters', 'Luca'),
                                                                   (1000040, 'Scholz', 'Maja'),
                                                                   (1000041, 'Lang', 'Henry'),
                                                                   (1000042, 'Weiß', 'Anna-Lena'),
                                                                   (1000043, 'Jung', 'Noah'),
                                                                   (1000044, 'Hahn', 'Mila'),
                                                                   (1000045, 'Schubert', 'Jakob'),
                                                                   (1000046, 'Vogel', 'Emma-Sophie'),
                                                                   (1000047, 'Friedrich', 'Benno'),
                                                                   (1000048, 'Keller', 'Nele'),
                                                                   (1000049, 'Günther', 'Elias'),
                                                                   (1000050, 'Frank', 'Johann'),
                                                                   (1000051, 'Berger', 'Thea'),
                                                                   (1000052, 'Winkler', 'Moritz'),
                                                                   (1000053, 'Roth', 'Emily-Marie'),
                                                                   (1000054, 'Beck', 'Samuel'),
                                                                   (1000055, 'Lorenz', 'Martha'),
                                                                   (1000056, 'Baumann', 'Leonard'),
                                                                   (1000057, 'Schuster', 'Annika'),
                                                                   (1000058, 'Kraus', 'Mika'),
                                                                   (1000059, 'Böhm', 'Paula'),
                                                                   (1000060, 'Böttcher', 'Jonathan'),
                                                                   (1000061, 'Simon', 'Greta'),
                                                                   (1000062, 'Ludwig', 'Theo'),
                                                                   (1000063, 'Bergmann', 'Charlotte'),
                                                                   (1000064, 'Brandt', 'Julian'),
                                                                   (1000065, 'Haas', 'Fiona'),
                                                                   (1000066, 'Schreiber', 'Nico'),
                                                                   (1000067, 'Schumacher', 'Alina'),
                                                                   (1000068, 'Weinert', 'Jonah'),
                                                                   (1000069, 'Friedrichs', 'Melina'),
                                                                   (1000070, 'Schramm', 'Fabian'),
                                                                   (1000071, 'Heinrich', 'Lina'),
                                                                   (1000072, 'Sauer', 'Lars'),
                                                                   (1000073, 'Dietrich', 'Antonia'),
                                                                   (1000074, 'Ziegler', 'Matteo'),
                                                                   (1000075, 'Kern', 'Selina'),
                                                                   (1000076, 'Pohl', 'Maxim'),
                                                                   (1000077, 'Voigt', 'Jette'),
                                                                   (1000078, 'Arnold', 'Tobias'),
                                                                   (1000079, 'Busch', 'Franziska'),
                                                                   (1000080, 'Möller', 'Aaron'),
                                                                   (1000081, 'Reinhardt', 'Isabell'),
                                                                   (1000082, 'Hermann', 'Philipp'),
                                                                   (1000083, 'Ott', 'Svenja'),
                                                                   (1000084, 'Seidel', 'Alexander'),
                                                                   (1000085, 'Hofmann', 'Elisa'),
                                                                   (1000086, 'Zander', 'Rafael'),
                                                                   (1000087, 'Kruse', 'Helena'),
                                                                   (1000088, 'Lenz', 'Martin'),
                                                                   (1000089, 'Geiger', 'Isabella'),
                                                                   (1000090, 'Brock', 'Linus'),
                                                                   (1000091, 'Wulf', 'Lilly'),
                                                                   (1000092, 'Meißner', 'Benjamin'),
                                                                   (1000093, 'Pfeiffer', 'Magdalena'),
                                                                   (1000094, 'Hesse', 'Christopher'),
                                                                   (1000095, 'Vogt', 'Clara-Marie'),
                                                                   (1000096, 'Henning', 'Joshua'),
                                                                   (1000097, 'Merkel', 'Lena'),
                                                                   (1000098, 'Heß', 'Emil'),
                                                                   (1000099, 'Breuer', 'Marie-Luise'),
                                                                   (1000100, 'Schwarz', 'Timothy');

INSERT INTO public.veranstaltung_veranstaltungstermine (veranstaltung_veranstaltungs_id, veranstaltungstermine_id) VALUES
                                                                                                                       (1001, 1),
                                                                                                                       (1001, 2),
                                                                                                                       (1001, 3),
                                                                                                                       (1002, 4),
                                                                                                                       (1002, 5),
                                                                                                                       (1002, 6),
                                                                                                                       (1003, 7),
                                                                                                                       (1003, 8),
                                                                                                                       (1003, 9),
                                                                                                                       (1003, 10);

INSERT INTO public.veranstaltungstermin_gruppenarbeiten (veranstaltungstermin_id, gruppenarbeiten_id) VALUES
                                                                                                          (1, 1),
                                                                                                          (1, 2),
                                                                                                          (1, 3),
                                                                                                          (2, 4),
                                                                                                          (2, 5),
                                                                                                          (3, 6),
                                                                                                          (3, 7),
                                                                                                          (3, 8),
                                                                                                          (3, 9),
                                                                                                          (4, 10),
                                                                                                          (5, 11),
                                                                                                          (5, 12),
                                                                                                          (5, 13),
                                                                                                          (5, 14),
                                                                                                          (6, 15),
                                                                                                          (6, 16),
                                                                                                          (7, 17),
                                                                                                          (8, 18),
                                                                                                          (8, 19),
                                                                                                          (8, 20),
                                                                                                          (8, 21),
                                                                                                          (9, 22),
                                                                                                          (9, 23),
                                                                                                          (9, 24),
                                                                                                          (10, 25);

INSERT INTO public.gruppe_teilnehmer (gruppe_id, teilnehmer_matrikel_nr) VALUES
                                                                             (1, 1000001),
                                                                             (1, 1000002),
                                                                             (1, 1000003),
                                                                             (1, 1000004),
                                                                             (1, 1000005),
                                                                             (1, 1000006),
                                                                             (1, 1000007),
                                                                             (1, 1000008),
                                                                             (2, 1000009),
                                                                             (2, 1000010),
                                                                             (2, 1000011),
                                                                             (2, 1000012),
                                                                             (2, 1000013),
                                                                             (2, 1000014),
                                                                             (2, 1000015),
                                                                             (2, 1000016),
                                                                             (3, 1000017),
                                                                             (3, 1000018),
                                                                             (3, 1000019),
                                                                             (3, 1000020),
                                                                             (3, 1000021),
                                                                             (3, 1000022),
                                                                             (3, 1000023),
                                                                             (4, 1000001),
                                                                             (4, 1000002),
                                                                             (4, 1000003),
                                                                             (4, 1000004),
                                                                             (5, 1000005),
                                                                             (5, 1000006),
                                                                             (5, 1000007),
                                                                             (5, 1000008),
                                                                             (6, 1000009),
                                                                             (6, 1000010),
                                                                             (6, 1000011),
                                                                             (6, 1000012),
                                                                             (7, 1000013),
                                                                             (7, 1000014),
                                                                             (7, 1000015),
                                                                             (7, 1000016),
                                                                             (8, 1000017),
                                                                             (8, 1000018),
                                                                             (8, 1000019),
                                                                             (8, 1000020),
                                                                             (9, 1000021),
                                                                             (9, 1000022),
                                                                             (9, 1000023),
                                                                             (9, 1000024),
                                                                             (9, 1000025);

INSERT INTO public.gruppenarbeit_gruppen (gruppenarbeit_id, gruppen_id) VALUES
                                                                          (1, 1),
                                                                          (1, 2),
                                                                          (1, 3),
                                                                          (2, 4),
                                                                          (2, 5),
                                                                          (2, 6),
                                                                          (2, 7),
                                                                          (2, 8),
                                                                          (2, 9),
                                                                          (3, 10),
                                                                          (3, 11),
                                                                          (3, 12),
                                                                          (4, 13),
                                                                          (5, 14),
                                                                          (5, 15),
                                                                          (6, 16),
                                                                          (6, 17),
                                                                          (6, 18),
                                                                          (7, 19),
                                                                          (7, 20),
                                                                          (7, 21),
                                                                          (8, 22),
                                                                          (8, 23),
                                                                          (8, 24),
                                                                          (9, 25),
                                                                          (9, 26),
                                                                          (9, 27),
                                                                          (10, 28),
                                                                          (10, 29),
                                                                          (10, 30),
                                                                          (11, 31),
                                                                          (11, 32),
                                                                          (11, 33),
                                                                          (12, 34),
                                                                          (12, 35),
                                                                          (12, 36),
                                                                          (13, 37),
                                                                          (13, 38),
                                                                          (13, 39),
                                                                          (14, 40),
                                                                          (14, 41),
                                                                          (14, 42),
                                                                          (15, 43),
                                                                          (15, 44),
                                                                          (15, 45),
                                                                          (16, 46),
                                                                          (16, 47),
                                                                          (16, 48),
                                                                          (17, 49),
                                                                          (17, 50),
                                                                          (17, 51),
                                                                          (18, 52),
                                                                          (18, 53),
                                                                          (18, 54),
                                                                          (19, 55),
                                                                          (19, 56),
                                                                          (19, 57),
                                                                          (20, 58),
                                                                          (20, 59),
                                                                          (20, 60),
                                                                          (21, 61),
                                                                          (21, 62),
                                                                          (21, 63),
                                                                          (22, 64),
                                                                          (22, 65),
                                                                          (22, 66),
                                                                          (23, 67),
                                                                          (23, 68),
                                                                          (23, 69),
                                                                          (24, 70),
                                                                          (24, 71),
                                                                          (24, 72),
                                                                          (25, 73),
                                                                          (25, 74),
                                                                          (25, 75);

INSERT INTO public.teilnehmer_veranstaltungen (teilnehmer_matrikel_nr, veranstaltungen_veranstaltungs_id) VALUES
                                                                                                              (1000001, 1001),
                                                                                                              (1000002, 1001),
                                                                                                              (1000003, 1001),
                                                                                                              (1000004, 1001),
                                                                                                              (1000005, 1001),
                                                                                                              (1000006, 1001),
                                                                                                              (1000007, 1001),
                                                                                                              (1000008, 1001),
                                                                                                              (1000009, 1001),
                                                                                                              (1000010, 1001),
                                                                                                              (1000011, 1001),
                                                                                                              (1000012, 1001),
                                                                                                              (1000013, 1001),
                                                                                                              (1000014, 1001),
                                                                                                              (1000015, 1001),
                                                                                                              (1000016, 1001),
                                                                                                              (1000017, 1001),
                                                                                                              (1000018, 1001),
                                                                                                              (1000019, 1001),
                                                                                                              (1000020, 1001),
                                                                                                              (1000021, 1001),
                                                                                                              (1000022, 1001),
                                                                                                              (1000023, 1001),
                                                                                                              (1000024, 1001),
                                                                                                              (1000025, 1001),
                                                                                                              (1000026, 1001),
                                                                                                              (1000027, 1001),
                                                                                                              (1000028, 1001),
                                                                                                              (1000029, 1001),
                                                                                                              (1000030, 1001),
                                                                                                              (1000031, 1001),
                                                                                                              (1000032, 1001),
                                                                                                              (1000033, 1001),
                                                                                                              (1000034, 1001),
                                                                                                              (1000035, 1001),
                                                                                                              (1000036, 1001),
                                                                                                              (1000037, 1001),
                                                                                                              (1000038, 1001),
                                                                                                              (1000039, 1001),
                                                                                                              (1000040, 1001),
                                                                                                              (1000041, 1001),
                                                                                                              (1000042, 1001),
                                                                                                              (1000043, 1001),
                                                                                                              (1000044, 1001),
                                                                                                              (1000045, 1001),
                                                                                                              (1000046, 1001),
                                                                                                              (1000047, 1001),
                                                                                                              (1000048, 1001),
                                                                                                              (1000049, 1001),
                                                                                                              (1000050, 1001),
                                                                                                              (1000051, 1001),
                                                                                                              (1000052, 1001),
                                                                                                              (1000053, 1001),
                                                                                                              (1000054, 1001),
                                                                                                              (1000055, 1001),
                                                                                                              (1000056, 1001),
                                                                                                              (1000057, 1001),
                                                                                                              (1000058, 1001),
                                                                                                              (1000059, 1001),
                                                                                                              (1000060, 1001),
                                                                                                              (1000061, 1001),
                                                                                                              (1000062, 1001),
                                                                                                              (1000063, 1001),
                                                                                                              (1000064, 1001),
                                                                                                              (1000065, 1001),
                                                                                                              (1000066, 1001),
                                                                                                              (1000067, 1001),
                                                                                                              (1000068, 1001),
                                                                                                              (1000069, 1001),
                                                                                                              (1000070, 1001),
                                                                                                              (1000071, 1001),
                                                                                                              (1000072, 1001),
                                                                                                              (1000073, 1001),                                                                                                          (1000001, 1002),
                                                                                                              (1000002, 1002),
                                                                                                              (1000003, 1002),
                                                                                                              (1000004, 1002),
                                                                                                              (1000005, 1002),
                                                                                                              (1000006, 1002),
                                                                                                              (1000007, 1002),
                                                                                                              (1000008, 1002),
                                                                                                              (1000009, 1002),
                                                                                                              (1000010, 1002),
                                                                                                              (1000011, 1002),
                                                                                                              (1000012, 1002),
                                                                                                              (1000013, 1002),
                                                                                                              (1000014, 1002),
                                                                                                              (1000015, 1002),
                                                                                                              (1000016, 1002),
                                                                                                              (1000017, 1002),
                                                                                                              (1000018, 1002),
                                                                                                              (1000019, 1002),
                                                                                                              (1000020, 1002),
                                                                                                              (1000021, 1002),
                                                                                                              (1000022, 1002),
                                                                                                              (1000023, 1002),
                                                                                                              (1000024, 1002),
                                                                                                              (1000025, 1002),
                                                                                                              (1000026, 1002),
                                                                                                              (1000027, 1002),
                                                                                                              (1000028, 1002),
                                                                                                              (1000029, 1002),
                                                                                                              (1000030, 1002),
                                                                                                              (1000031, 1002),
                                                                                                              (1000032, 1002),
                                                                                                              (1000033, 1002),
                                                                                                              (1000034, 1002),
                                                                                                              (1000035, 1002),
                                                                                                              (1000036, 1002),
                                                                                                              (1000037, 1002),
                                                                                                              (1000038, 1002),
                                                                                                              (1000039, 1002),
                                                                                                              (1000040, 1002),
                                                                                                              (1000041, 1002),
                                                                                                              (1000042, 1002),
                                                                                                              (1000043, 1002),
                                                                                                              (1000044, 1002),
                                                                                                              (1000045, 1002),
                                                                                                              (1000046, 1002),
                                                                                                              (1000001, 1003),
                                                                                                              (1000002, 1003),
                                                                                                              (1000003, 1003),
                                                                                                              (1000004, 1003),
                                                                                                              (1000005, 1003),
                                                                                                              (1000006, 1003),
                                                                                                              (1000007, 1003),
                                                                                                              (1000008, 1003),
                                                                                                              (1000009, 1003),
                                                                                                              (1000010, 1003),
                                                                                                              (1000011, 1003),
                                                                                                              (1000012, 1003),
                                                                                                              (1000013, 1003),
                                                                                                              (1000014, 1003),
                                                                                                              (1000015, 1003),
                                                                                                              (1000016, 1003),
                                                                                                              (1000017, 1003),
                                                                                                              (1000018, 1003),
                                                                                                              (1000019, 1003),
                                                                                                              (1000020, 1003),
                                                                                                              (1000021, 1003),
                                                                                                              (1000022, 1003),
                                                                                                              (1000023, 1003),
                                                                                                              (1000024, 1003),
                                                                                                              (1000025, 1003),
                                                                                                              (1000026, 1003),
                                                                                                              (1000027, 1003),
                                                                                                              (1000028, 1003),
                                                                                                              (1000029, 1003),
                                                                                                              (1000030, 1003),
                                                                                                              (1000031, 1003),
                                                                                                              (1000032, 1003),
                                                                                                              (1000033, 1003),
                                                                                                              (1000034, 1003),
                                                                                                              (1000035, 1003),
                                                                                                              (1000036, 1003),
                                                                                                              (1000037, 1003),
                                                                                                              (1000038, 1003),
                                                                                                              (1000039, 1003),
                                                                                                              (1000040, 1003),
                                                                                                              (1000041, 1003),
                                                                                                              (1000042, 1003),
                                                                                                              (1000043, 1003),
                                                                                                              (1000044, 1003),
                                                                                                              (1000045, 1003),
                                                                                                              (1000046, 1003),
                                                                                                              (1000047, 1003),
                                                                                                              (1000048, 1003),
                                                                                                              (1000049, 1003),
                                                                                                              (1000050, 1003),
                                                                                                              (1000051, 1003),
                                                                                                              (1000052, 1003),
                                                                                                              (1000053, 1003),
                                                                                                              (1000054, 1003),
                                                                                                              (1000055, 1003);

INSERT INTO public.veranstaltung_teilnehmer (teilnehmer_matrikel_nr, veranstaltung_veranstaltungs_id) VALUES
                                                                                                          (1000001, 1001),
                                                                                                          (1000002, 1001),
                                                                                                          (1000003, 1001),
                                                                                                          (1000004, 1001),
                                                                                                          (1000005, 1001),
                                                                                                          (1000006, 1001),
                                                                                                          (1000007, 1001),
                                                                                                          (1000008, 1001),
                                                                                                          (1000009, 1001),
                                                                                                          (1000010, 1001),
                                                                                                          (1000011, 1001),
                                                                                                          (1000012, 1001),
                                                                                                          (1000013, 1001),
                                                                                                          (1000014, 1001),
                                                                                                          (1000015, 1001),
                                                                                                          (1000016, 1001),
                                                                                                          (1000017, 1001),
                                                                                                          (1000018, 1001),
                                                                                                          (1000019, 1001),
                                                                                                          (1000020, 1001),
                                                                                                          (1000021, 1001),
                                                                                                          (1000022, 1001),
                                                                                                          (1000023, 1001),
                                                                                                          (1000024, 1001),
                                                                                                          (1000025, 1001),
                                                                                                          (1000026, 1001),
                                                                                                          (1000027, 1001),
                                                                                                          (1000028, 1001),
                                                                                                          (1000029, 1001),
                                                                                                          (1000030, 1001),
                                                                                                          (1000031, 1001),
                                                                                                          (1000032, 1001),
                                                                                                          (1000033, 1001),
                                                                                                          (1000034, 1001),
                                                                                                          (1000035, 1001),
                                                                                                          (1000036, 1001),
                                                                                                          (1000037, 1001),
                                                                                                          (1000038, 1001),
                                                                                                          (1000039, 1001),
                                                                                                          (1000040, 1001),
                                                                                                          (1000041, 1001),
                                                                                                          (1000042, 1001),
                                                                                                          (1000043, 1001),
                                                                                                          (1000044, 1001),
                                                                                                          (1000045, 1001),
                                                                                                          (1000046, 1001),
                                                                                                          (1000047, 1001),
                                                                                                          (1000048, 1001),
                                                                                                          (1000049, 1001),
                                                                                                          (1000050, 1001),
                                                                                                          (1000051, 1001),
                                                                                                          (1000052, 1001),
                                                                                                          (1000053, 1001),
                                                                                                          (1000054, 1001),
                                                                                                          (1000055, 1001),
                                                                                                          (1000056, 1001),
                                                                                                          (1000057, 1001),
                                                                                                          (1000058, 1001),
                                                                                                          (1000059, 1001),
                                                                                                          (1000060, 1001),
                                                                                                          (1000061, 1001),
                                                                                                          (1000062, 1001),
                                                                                                          (1000063, 1001),
                                                                                                          (1000064, 1001),
                                                                                                          (1000065, 1001),
                                                                                                          (1000066, 1001),
                                                                                                          (1000067, 1001),
                                                                                                          (1000068, 1001),
                                                                                                          (1000069, 1001),
                                                                                                          (1000070, 1001),
                                                                                                          (1000071, 1001),
                                                                                                          (1000072, 1001),
                                                                                                          (1000073, 1001),                                                                                                          (1000001, 1002),
                                                                                                          (1000002, 1002),
                                                                                                          (1000003, 1002),
                                                                                                          (1000004, 1002),
                                                                                                          (1000005, 1002),
                                                                                                          (1000006, 1002),
                                                                                                          (1000007, 1002),
                                                                                                          (1000008, 1002),
                                                                                                          (1000009, 1002),
                                                                                                          (1000010, 1002),
                                                                                                          (1000011, 1002),
                                                                                                          (1000012, 1002),
                                                                                                          (1000013, 1002),
                                                                                                          (1000014, 1002),
                                                                                                          (1000015, 1002),
                                                                                                          (1000016, 1002),
                                                                                                          (1000017, 1002),
                                                                                                          (1000018, 1002),
                                                                                                          (1000019, 1002),
                                                                                                          (1000020, 1002),
                                                                                                          (1000021, 1002),
                                                                                                          (1000022, 1002),
                                                                                                          (1000023, 1002),
                                                                                                          (1000024, 1002),
                                                                                                          (1000025, 1002),
                                                                                                          (1000026, 1002),
                                                                                                          (1000027, 1002),
                                                                                                          (1000028, 1002),
                                                                                                          (1000029, 1002),
                                                                                                          (1000030, 1002),
                                                                                                          (1000031, 1002),
                                                                                                          (1000032, 1002),
                                                                                                          (1000033, 1002),
                                                                                                          (1000034, 1002),
                                                                                                          (1000035, 1002),
                                                                                                          (1000036, 1002),
                                                                                                          (1000037, 1002),
                                                                                                          (1000038, 1002),
                                                                                                          (1000039, 1002),
                                                                                                          (1000040, 1002),
                                                                                                          (1000041, 1002),
                                                                                                          (1000042, 1002),
                                                                                                          (1000043, 1002),
                                                                                                          (1000044, 1002),
                                                                                                          (1000045, 1002),
                                                                                                          (1000046, 1002),
                                                                                                            (1000001, 1003),
                                                                                                            (1000002, 1003),
                                                                                                            (1000003, 1003),
                                                                                                            (1000004, 1003),
                                                                                                            (1000005, 1003),
                                                                                                            (1000006, 1003),
                                                                                                            (1000007, 1003),
                                                                                                            (1000008, 1003),
                                                                                                            (1000009, 1003),
                                                                                                            (1000010, 1003),
                                                                                                            (1000011, 1003),
                                                                                                            (1000012, 1003),
                                                                                                            (1000013, 1003),
                                                                                                            (1000014, 1003),
                                                                                                            (1000015, 1003),
                                                                                                            (1000016, 1003),
                                                                                                            (1000017, 1003),
                                                                                                            (1000018, 1003),
                                                                                                            (1000019, 1003),
                                                                                                            (1000020, 1003),
                                                                                                            (1000021, 1003),
                                                                                                            (1000022, 1003),
                                                                                                            (1000023, 1003),
                                                                                                            (1000024, 1003),
                                                                                                            (1000025, 1003),
                                                                                                            (1000026, 1003),
                                                                                                            (1000027, 1003),
                                                                                                            (1000028, 1003),
                                                                                                            (1000029, 1003),
                                                                                                            (1000030, 1003),
                                                                                                            (1000031, 1003),
                                                                                                            (1000032, 1003),
                                                                                                            (1000033, 1003),
                                                                                                            (1000034, 1003),
                                                                                                            (1000035, 1003),
                                                                                                            (1000036, 1003),
                                                                                                            (1000037, 1003),
                                                                                                            (1000038, 1003),
                                                                                                            (1000039, 1003),
                                                                                                            (1000040, 1003),
                                                                                                            (1000041, 1003),
                                                                                                            (1000042, 1003),
                                                                                                            (1000043, 1003),
                                                                                                            (1000044, 1003),
                                                                                                            (1000045, 1003),
                                                                                                            (1000046, 1003),
                                                                                                            (1000047, 1003),
                                                                                                            (1000048, 1003),
                                                                                                            (1000049, 1003),
                                                                                                            (1000050, 1003),
                                                                                                            (1000051, 1003),
                                                                                                            (1000052, 1003),
                                                                                                            (1000053, 1003),
                                                                                                            (1000054, 1003),
                                                                                                            (1000055, 1003);

INSERT INTO public.gruppenarbeit_teilnehmer (gruppenarbeit_id, teilnehmer_matrikel_nr) VALUES

    (1, 1000001),
    (1, 1000002),
    (1, 1000003),
    (1, 1000004),
    (1, 1000005),
    (1, 1000006),
    (1, 1000007),
    (1, 1000008),
    (1, 1000009),
    (1, 1000010),
    (1, 1000011),
    (1, 1000012),
    (1, 1000013),
    (1, 1000014),
    (1, 1000015),
    (1, 1000016),
    (1, 1000017),
    (1, 1000018),
    (1, 1000019),
    (1, 1000020),
    (1, 1000021),
    (1, 1000022),
    (1, 1000023),
    (1, 1000024),
    (1, 1000025),
    (1, 1000026),
    (1, 1000027),
    (1, 1000028),
    (1, 1000029),
    (1, 1000030),
    (1, 1000031),
    (1, 1000032),
    (1, 1000033),
    (1, 1000034),
    (1, 1000035),
    (1, 1000036),
    (1, 1000037),
    (1, 1000038),
    (1, 1000039),
    (1, 1000040),
    (1, 1000041),
    (1, 1000042),
    (1, 1000043),
    (1, 1000044),
    (1, 1000045),
    (1, 1000046),
    (1, 1000047),
    (1, 1000048),
    (1, 1000049),
    (1, 1000050),
    (1, 1000051),
    (1, 1000052),
    (1, 1000053),
    (1, 1000054),
    (1, 1000055),
    (1, 1000056),
    (1, 1000057),
    (1, 1000058),
    (1, 1000059),
    (1, 1000060),
    (1, 1000061),
    (1, 1000062),
    (1, 1000063),
    (1, 1000064),
    (1, 1000065),
    (1, 1000066),
    (1, 1000067),
    (1, 1000068),
    (1, 1000069),
    (1, 1000070),
    (1, 1000071),
    (1, 1000072),
    (1, 1000073),


    (2, 1000001),
    (2, 1000002),
    (2, 1000003),
    (2, 1000004),
    (2, 1000005),
    (2, 1000006),
    (2, 1000007),
    (2, 1000008),
    (2, 1000009),
    (2, 1000010),
    (2, 1000011),
    (2, 1000012),
    (2, 1000013),
    (2, 1000014),
    (2, 1000015),
    (2, 1000016),
    (2, 1000017),
    (2, 1000018),
    (2, 1000019),
    (2, 1000020),
    (2, 1000021),
    (2, 1000022),
    (2, 1000023),
    (2, 1000024),
    (2, 1000025),
    (2, 1000026),
    (2, 1000027),
    (2, 1000028),
    (2, 1000029),
    (2, 1000030),
    (2, 1000031),
    (2, 1000032),
    (2, 1000033),
    (2, 1000034),
    (2, 1000035),
    (2, 1000036),
    (2, 1000037),
    (2, 1000038),
    (2, 1000039),
    (2, 1000040),
    (2, 1000041),
    (2, 1000042),
    (2, 1000043),
    (2, 1000044),
    (2, 1000045),
    (2, 1000046),
    (2, 1000047),
    (2, 1000048),
    (2, 1000049),
    (2, 1000050),
    (2, 1000051),
    (2, 1000052),
    (2, 1000053),
    (2, 1000054),
    (2, 1000055),
    (2, 1000056),
    (2, 1000057),
    (2, 1000058),
    (2, 1000059),
    (2, 1000060),
    (2, 1000061),
    (2, 1000062),
    (2, 1000063),
    (2, 1000064),
    (2, 1000065),
    (2, 1000066),
    (2, 1000067),
    (2, 1000068),
    (2, 1000069),
    (2, 1000070),
    (2, 1000071),
    (2, 1000072),
    (2, 1000073),

    (3, 1000001),
    (3, 1000002),
    (3, 1000003),
    (3, 1000004),
    (3, 1000005),
    (3, 1000006),
    (3, 1000007),
    (3, 1000008),
    (3, 1000009),
    (3, 1000010),
    (3, 1000011),
    (3, 1000012),
    (3, 1000013),
    (3, 1000014),
    (3, 1000015),
    (3, 1000016),
    (3, 1000017),
    (3, 1000018),
    (3, 1000019),
    (3, 1000020),
    (3, 1000021),
    (3, 1000022),
    (3, 1000023),
    (3, 1000024),
    (3, 1000025),
    (3, 1000026),
    (3, 1000027),
    (3, 1000028),
    (3, 1000029),
    (3, 1000030),
    (3, 1000031),
    (3, 1000032),
    (3, 1000033),
    (3, 1000034),
    (3, 1000035),
    (3, 1000036),
    (3, 1000037),
    (3, 1000038),
    (3, 1000039),
    (3, 1000040),
    (3, 1000041),
    (3, 1000042),
    (3, 1000043),
    (3, 1000044),
    (3, 1000045),
    (3, 1000046),
    (3, 1000047),
    (3, 1000048),
    (3, 1000049),
    (3, 1000050),
    (3, 1000051),
    (3, 1000052),
    (3, 1000053),
    (3, 1000054),
    (3, 1000055),
    (3, 1000056),
    (3, 1000057),
    (3, 1000058),
    (3, 1000059),
    (3, 1000060),
    (3, 1000061),
    (3, 1000062),
    (3, 1000063),
    (3, 1000064),
    (3, 1000065),
    (3, 1000066),
    (3, 1000067),
    (3, 1000068),
    (3, 1000069),
    (3, 1000070),
    (3, 1000071),
    (3, 1000072),
    (3, 1000073),

    (4, 1000001),
    (4, 1000002),
    (4, 1000003),
    (4, 1000004),
    (4, 1000005),
    (4, 1000006),
    (4, 1000007),
    (4, 1000008),
    (4, 1000009),
    (4, 1000010),
    (4, 1000011),
    (4, 1000012),
    (4, 1000013),
    (4, 1000014),
    (4, 1000015),
    (4, 1000016),
    (4, 1000017),
    (4, 1000018),
    (4, 1000019),
    (4, 1000020),
    (4, 1000021),
    (4, 1000022),
    (4, 1000023),
    (4, 1000024),
    (4, 1000025),
    (4, 1000026),
    (4, 1000027),
    (4, 1000028),
    (4, 1000029),
    (4, 1000030),
    (4, 1000031),
    (4, 1000032),
    (4, 1000033),
    (4, 1000034),
    (4, 1000035),
    (4, 1000036),
    (4, 1000037),
    (4, 1000038),
    (4, 1000039),
    (4, 1000040),
    (4, 1000041),
    (4, 1000042),
    (4, 1000043),
    (4, 1000044),
    (4, 1000045),
    (4, 1000046),
    (5, 1000001),
    (5, 1000002),
    (5, 1000003),
    (5, 1000004),
    (5, 1000005),
    (5, 1000006),
    (5, 1000007),
    (5, 1000008),
    (5, 1000009),
    (5, 1000010),
    (5, 1000011),
    (5, 1000012),
    (5, 1000013),
    (5, 1000014),
    (5, 1000015),
    (5, 1000016),
    (5, 1000017),
    (5, 1000018),
    (5, 1000019),
    (5, 1000020),
    (5, 1000021),
    (5, 1000022),
    (5, 1000023),
    (5, 1000024),
    (5, 1000025),
    (5, 1000026),
    (5, 1000027),
    (5, 1000028),
    (5, 1000029),
    (5, 1000030),
    (5, 1000031),
    (5, 1000032),
    (5, 1000033),
    (5, 1000034),
    (5, 1000035),
    (5, 1000036),
    (5, 1000037),
    (5, 1000038),
    (5, 1000039),
    (5, 1000040),
    (5, 1000041),
    (5, 1000042),
    (5, 1000043),
    (5, 1000044),
    (5, 1000045),
    (5, 1000046),


    (6, 1000001),
    (6, 1000002),
    (6, 1000003),
    (6, 1000004),
    (6, 1000005),
    (6, 1000006),
    (6, 1000007),
    (6, 1000008),
    (6, 1000009),
    (6, 1000010),
    (6, 1000011),
    (6, 1000012),
    (6, 1000013),
    (6, 1000014),
    (6, 1000015),
    (6, 1000016),
    (6, 1000017),
    (6, 1000018),
    (6, 1000019),
    (6, 1000020),
    (6, 1000021),
    (6, 1000022),
    (6, 1000023),
    (6, 1000024),
    (6, 1000025),
    (6, 1000026),
    (6, 1000027),
    (6, 1000028),
    (6, 1000029),
    (6, 1000030),
    (6, 1000031),
    (6, 1000032),
    (6, 1000033),
    (6, 1000034),
    (6, 1000035),
    (6, 1000036),
    (6, 1000037),
    (6, 1000038),
    (6, 1000039),
    (6, 1000040),
    (6, 1000041),
    (6, 1000042),
    (6, 1000043),
    (6, 1000044),
    (6, 1000045),
    (6, 1000046),
    (7, 1000001),
    (7, 1000002),
    (7, 1000003),
    (7, 1000004),
    (7, 1000005),
    (7, 1000006),
    (7, 1000007),
    (7, 1000008),
    (7, 1000009),
    (7, 1000010),
    (7, 1000011),
    (7, 1000012),
    (7, 1000013),
    (7, 1000014),
    (7, 1000015),
    (7, 1000016),
    (7, 1000017),
    (7, 1000018),
    (7, 1000019),
    (7, 1000020),
    (7, 1000021),
    (7, 1000022),
    (7, 1000023),
    (7, 1000024),
    (7, 1000025),
    (7, 1000026),
    (7, 1000027),
    (7, 1000028),
    (7, 1000029),
    (7, 1000030),
    (7, 1000031),
    (7, 1000032),
    (7, 1000033),
    (7, 1000034),
    (7, 1000035),
    (7, 1000036),
    (7, 1000037),
    (7, 1000038),
    (7, 1000039),
    (7, 1000040),
    (7, 1000041),
    (7, 1000042),
    (7, 1000043),
    (7, 1000044),
    (7, 1000045),
    (7, 1000046),
    (7, 1000047),
    (7, 1000048),
    (7, 1000049),
    (7, 1000050),
    (7, 1000051),
    (7, 1000052),
    (7, 1000053),
    (7, 1000054),
    (7, 1000055),

    (8, 1000001),
    (8, 1000002),
    (8, 1000003),
    (8, 1000004),
    (8, 1000005),
    (8, 1000006),
    (8, 1000007),
    (8, 1000008),
    (8, 1000009),
    (8, 1000010),
    (8, 1000011),
    (8, 1000012),
    (8, 1000013),
    (8, 1000014),
    (8, 1000015),
    (8, 1000016),
    (8, 1000017),
    (8, 1000018),
    (8, 1000019),
    (8, 1000020),
    (8, 1000021),
    (8, 1000022),
    (8, 1000023),
    (8, 1000024),
    (8, 1000025),
    (8, 1000026),
    (8, 1000027),
    (8, 1000028),
    (8, 1000029),
    (8, 1000030),
    (8, 1000031),
    (8, 1000032),
    (8, 1000033),
    (8, 1000034),
    (8, 1000035),
    (8, 1000036),
    (8, 1000037),
    (8, 1000038),
    (8, 1000039),
    (8, 1000040),
    (8, 1000041),
    (8, 1000042),
    (8, 1000043),
    (8, 1000044),
    (8, 1000045),
    (8, 1000046),
    (8, 1000047),
    (8, 1000048),
    (8, 1000049),
    (8, 1000050),
    (8, 1000051),
    (8, 1000052),
    (8, 1000053),
    (8, 1000054),
    (8, 1000055),
(9, 1000001),
(9, 1000002),
(9, 1000003),
(9, 1000004),
(9, 1000005),
(9, 1000006),
(9, 1000007),
(9, 1000008),
(9, 1000009),
(9, 1000010),
(9, 1000011),
(9, 1000012),
(9, 1000013),
(9, 1000014),
(9, 1000015),
(9, 1000016),
(9, 1000017),
(9, 1000018),
(9, 1000019),
(9, 1000020),
(9, 1000021),
(9, 1000022),
(9, 1000023),
(9, 1000024),
(9, 1000025),
(9, 1000026),
(9, 1000027),
(9, 1000028),
(9, 1000029),
(9, 1000030),
(9, 1000031),
(9, 1000032),
(9, 1000033),
(9, 1000034),
(9, 1000035),
(9, 1000036),
(9, 1000037),
(9, 1000038),
(9, 1000039),
(9, 1000040),
(9, 1000041),
(9, 1000042),
(9, 1000043),
(9, 1000044),
(9, 1000045),
(9, 1000046),
(9, 1000047),
(9, 1000048),
(9, 1000049),
(9, 1000050),
(9, 1000051),
(9, 1000052),
(9, 1000053),
(9, 1000054),
(9, 1000055),


(10, 1000001),
(10, 1000002),
(10, 1000003),
(10, 1000004),
(10, 1000005),
(10, 1000006),
(10, 1000007),
(10, 1000008),
(10, 1000009),
(10, 1000010),
(10, 1000011),
(10, 1000012),
(10, 1000013),
(10, 1000014),
(10, 1000015),
(10, 1000016),
(10, 1000017),
(10, 1000018),
(10, 1000019),
(10, 1000020),
(10, 1000021),
(10, 1000022),
(10, 1000023),
(10, 1000024),
(10, 1000025),
(10, 1000026),
(10, 1000027),
(10, 1000028),
(10, 1000029),
(10, 1000030),
(10, 1000031),
(10, 1000032),
(10, 1000033),
(10, 1000034),
(10, 1000035),
(10, 1000036),
(10, 1000037),
(10, 1000038),
(10, 1000039),
(10, 1000040),
(10, 1000041),
(10, 1000042),
(10, 1000043),
(10, 1000044),
(10, 1000045),
(10, 1000046),
(10, 1000047),
(10, 1000048),
(10, 1000049),
(10, 1000050),
(10, 1000051),
(10, 1000052),
(10, 1000053),
(10, 1000054),
(10, 1000055),

(11, 1000001),
(11, 1000002),
(11, 1000003),
(11, 1000004),
(11, 1000005),
(11, 1000006),
(11, 1000007),
(11, 1000008),
(11, 1000009),
(11, 1000010),
(11, 1000011),
(11, 1000012),
(11, 1000013),
(11, 1000014),
(11, 1000015),
(11, 1000016),
(11, 1000017),
(11, 1000018),
(11, 1000019),
(11, 1000020),
(11, 1000021),
(11, 1000022),
(11, 1000023),
(11, 1000024),
(11, 1000025),
(11, 1000026),
(11, 1000027),
(11, 1000028),
(11, 1000029),
(11, 1000030),
(11, 1000031),
(11, 1000032),
(11, 1000033),
(11, 1000034),
(11, 1000035),
(11, 1000036),
(11, 1000037),
(11, 1000038),
(11, 1000039),
(11, 1000040),
(11, 1000041),
(11, 1000042),
(11, 1000043),
(11, 1000044),
(11, 1000045),
(11, 1000046),
(11, 1000047),
(11, 1000048),
(11, 1000049),
(11, 1000050),
(11, 1000051),
(11, 1000052),
(11, 1000053),
(11, 1000054),
(11, 1000055),
(11, 1000056),
(11, 1000057),
(11, 1000058),
(11, 1000059),
(11, 1000060),
(11, 1000061),
(11, 1000062),
(11, 1000063),
(11, 1000064),
(11, 1000065),
(11, 1000066),
(11, 1000067),
(11, 1000068),
(11, 1000069),
(11, 1000070),
(11, 1000071),
(11, 1000072),
(11, 1000073),


(12, 1000001),
(12, 1000002),
(12, 1000003),
(12, 1000004),
(12, 1000005),
(12, 1000006),
(12, 1000007),
(12, 1000008),
(12, 1000009),
(12, 1000010),
(12, 1000011),
(12, 1000012),
(12, 1000013),
(12, 1000014),
(12, 1000015),
(12, 1000016),
(12, 1000017),
(12, 1000018),
(12, 1000019),
(12, 1000020),
(12, 1000021),
(12, 1000022),
(12, 1000023),
(12, 1000024),
(12, 1000025),
(12, 1000026),
(12, 1000027),
(12, 1000028),
(12, 1000029),
(12, 1000030),
(12, 1000031),
(12, 1000032),
(12, 1000033),
(12, 1000034),
(12, 1000035),
(12, 1000036),
(12, 1000037),
(12, 1000038),
(12, 1000039),
(12, 1000040),
(12, 1000041),
(12, 1000042),
(12, 1000043),
(12, 1000044),
(12, 1000045),
(12, 1000046),
(12, 1000047),
(12, 1000048),
(12, 1000049),
(12, 1000050),
(12, 1000051),
(12, 1000052),
(12, 1000053),
(12, 1000054),
(12, 1000055),
(12, 1000056),
(12, 1000057),
(12, 1000058),
(12, 1000059),
(12, 1000060),
(12, 1000061),
(12, 1000062),
(12, 1000063),
(12, 1000064),
(12, 1000065),
(12, 1000066),
(12, 1000067),
(12, 1000068),
(12, 1000069),
(12, 1000070),
(12, 1000071),
(12, 1000072),
(12, 1000073),


(13, 1000001),
(13, 1000002),
(13, 1000003),
(13, 1000004),
(13, 1000005),
(13, 1000006),
(13, 1000007),
(13, 1000008),
(13, 1000009),
(13, 1000010),
(13, 1000011),
(13, 1000012),
(13, 1000013),
(13, 1000014),
(13, 1000015),
(13, 1000016),
(13, 1000017),
(13, 1000018),
(13, 1000019),
(13, 1000020),
(13, 1000021),
(13, 1000022),
(13, 1000023),
(13, 1000024),
(13, 1000025),
(13, 1000026),
(13, 1000027),
(13, 1000028),
(13, 1000029),
(13, 1000030),
(13, 1000031),
(13, 1000032),
(13, 1000033),
(13, 1000034),
(13, 1000035),
(13, 1000036),
(13, 1000037),
(13, 1000038),
(13, 1000039),
(13, 1000040),
(13, 1000041),
(13, 1000042),
(13, 1000043),
(13, 1000044),
(13, 1000045),
(13, 1000046),
(13, 1000047),
(13, 1000048),
(13, 1000049),
(13, 1000050),
(13, 1000051),
(13, 1000052),
(13, 1000053),
(13, 1000054),
(13, 1000055),
(13, 1000056),
(13, 1000057),
(13, 1000058),
(13, 1000059),
(13, 1000060),
(13, 1000061),
(13, 1000062),
(13, 1000063),
(13, 1000064),
(13, 1000065),
(13, 1000066),
(13, 1000067),
(13, 1000068),
(13, 1000069),
(13, 1000070),
(13, 1000071),
(13, 1000072),
(13, 1000073),


(14, 1000001),
(14, 1000002),
(14, 1000003),
(14, 1000004),
(14, 1000005),
(14, 1000006),
(14, 1000007),
(14, 1000008),
(14, 1000009),
(14, 1000010),
(14, 1000011),
(14, 1000012),
(14, 1000013),
(14, 1000014),
(14, 1000015),
(14, 1000016),
(14, 1000017),
(14, 1000018),
(14, 1000019),
(14, 1000020),
(14, 1000021),
(14, 1000022),
(14, 1000023),
(14, 1000024),
(14, 1000025),
(14, 1000026),
(14, 1000027),
(14, 1000028),
(14, 1000029),
(14, 1000030),
(14, 1000031),
(14, 1000032),
(14, 1000033),
(14, 1000034),
(14, 1000035),
(14, 1000036),
(14, 1000037),
(14, 1000038),
(14, 1000039),
(14, 1000040),
(14, 1000041),
(14, 1000042),
(14, 1000043),
(14, 1000044),
(14, 1000045),
(14, 1000046),
(15, 1000001),
(15, 1000002),
(15, 1000003),
(15, 1000004),
(15, 1000005),
(15, 1000006),
(15, 1000007),
(15, 1000008),
(15, 1000009),
(15, 1000010),
(15, 1000011),
(15, 1000012),
(15, 1000013),
(15, 1000014),
(15, 1000015),
(15, 1000016),
(15, 1000017),
(15, 1000018),
(15, 1000019),
(15, 1000020),
(15, 1000021),
(15, 1000022),
(15, 1000023),
(15, 1000024),
(15, 1000025),
(15, 1000026),
(15, 1000027),
(15, 1000028),
(15, 1000029),
(15, 1000030),
(15, 1000031),
(15, 1000032),
(15, 1000033),
(15, 1000034),
(15, 1000035),
(15, 1000036),
(15, 1000037),
(15, 1000038),
(15, 1000039),
(15, 1000040),
(15, 1000041),
(15, 1000042),
(15, 1000043),
(15, 1000044),
(15, 1000045),
(15, 1000046),


(16, 1000001),
(16, 1000002),
(16, 1000003),
(16, 1000004),
(16, 1000005),
(16, 1000006),
(16, 1000007),
(16, 1000008),
(16, 1000009),
(16, 1000010),
(16, 1000011),
(16, 1000012),
(16, 1000013),
(16, 1000014),
(16, 1000015),
(16, 1000016),
(16, 1000017),
(16, 1000018),
(16, 1000019),
(16, 1000020),
(16, 1000021),
(16, 1000022),
(16, 1000023),
(16, 1000024),
(16, 1000025),
(16, 1000026),
(16, 1000027),
(16, 1000028),
(16, 1000029),
(16, 1000030),
(16, 1000031),
(16, 1000032),
(16, 1000033),
(16, 1000034),
(16, 1000035),
(16, 1000036),
(16, 1000037),
(16, 1000038),
(16, 1000039),
(16, 1000040),
(16, 1000041),
(16, 1000042),
(16, 1000043),
(16, 1000044),
(16, 1000045),
(16, 1000046),

(17, 1000001),
(17, 1000002),
(17, 1000003),
(17, 1000004),
(17, 1000005),
(17, 1000006),
(17, 1000007),
(17, 1000008),
(17, 1000009),
(17, 1000010),
(17, 1000011),
(17, 1000012),
(17, 1000013),
(17, 1000014),
(17, 1000015),
(17, 1000016),
(17, 1000017),
(17, 1000018),
(17, 1000019),
(17, 1000020),
(17, 1000021),
(17, 1000022),
(17, 1000023),
(17, 1000024),
(17, 1000025),
(17, 1000026),
(17, 1000027),
(17, 1000028),
(17, 1000029),
(17, 1000030),
(17, 1000031),
(17, 1000032),
(17, 1000033),
(17, 1000034),
(17, 1000035),
(17, 1000036),
(17, 1000037),
(17, 1000038),
(17, 1000039),
(17, 1000040),
(17, 1000041),
(17, 1000042),
(17, 1000043),
(17, 1000044),
(17, 1000045),
(17, 1000046),
(17, 1000047),
(17, 1000048),
(17, 1000049),
(17, 1000050),
(17, 1000051),
(17, 1000052),
(17, 1000053),
(17, 1000054),
(17, 1000055),


(18, 1000001),
(18, 1000002),
(18, 1000003),
(18, 1000004),
(18, 1000005),
(18, 1000006),
(18, 1000007),
(18, 1000008),
(18, 1000009),
(18, 1000010),
(18, 1000011),
(18, 1000012),
(18, 1000013),
(18, 1000014),
(18, 1000015),
(18, 1000016),
(18, 1000017),
(18, 1000018),
(18, 1000019),
(18, 1000020),
(18, 1000021),
(18, 1000022),
(18, 1000023),
(18, 1000024),
(18, 1000025),
(18, 1000026),
(18, 1000027),
(18, 1000028),
(18, 1000029),
(18, 1000030),
(18, 1000031),
(18, 1000032),
(18, 1000033),
(18, 1000034),
(18, 1000035),
(18, 1000036),
(18, 1000037),
(18, 1000038),
(18, 1000039),
(18, 1000040),
(18, 1000041),
(18, 1000042),
(18, 1000043),
(18, 1000044),
(18, 1000045),
(18, 1000046),
(18, 1000047),
(18, 1000048),
(18, 1000049),
(18, 1000050),
(18, 1000051),
(18, 1000052),
(18, 1000053),
(18, 1000054),
(18, 1000055),

(19, 1000001),
(19, 1000002),
(19, 1000003),
(19, 1000004),
(19, 1000005),
(19, 1000006),
(19, 1000007),
(19, 1000008),
(19, 1000009),
(19, 1000010),
(19, 1000011),
(19, 1000012),
(19, 1000013),
(19, 1000014),
(19, 1000015),
(19, 1000016),
(19, 1000017),
(19, 1000018),
(19, 1000019),
(19, 1000020),
(19, 1000021),
(19, 1000022),
(19, 1000023),
(19, 1000024),
(19, 1000025),
(19, 1000026),
(19, 1000027),
(19, 1000028),
(19, 1000029),
(19, 1000030),
(19, 1000031),
(19, 1000032),
(19, 1000033),
(19, 1000034),
(19, 1000035),
(19, 1000036),
(19, 1000037),
(19, 1000038),
(19, 1000039),
(19, 1000040),
(19, 1000041),
(19, 1000042),
(19, 1000043),
(19, 1000044),
(19, 1000045),
(19, 1000046),
(19, 1000047),
(19, 1000048),
(19, 1000049),
(19, 1000050),
(19, 1000051),
(19, 1000052),
(19, 1000053),
(19, 1000054),
(19, 1000055),

(20, 1000001),
(20, 1000002),
(20, 1000003),
(20, 1000004),
(20, 1000005),
(20, 1000006),
(20, 1000007),
(20, 1000008),
(20, 1000009),
(20, 1000010),
(20, 1000011),
(20, 1000012),
(20, 1000013),
(20, 1000014),
(20, 1000015),
(20, 1000016),
(20, 1000017),
(20, 1000018),
(20, 1000019),
(20, 1000020),
(20, 1000021),
(20, 1000022),
(20, 1000023),
(20, 1000024),
(20, 1000025),
(20, 1000026),
(20, 1000027),
(20, 1000028),
(20, 1000029),
(20, 1000030),
(20, 1000031),
(20, 1000032),
(20, 1000033),
(20, 1000034),
(20, 1000035),
(20, 1000036),
(20, 1000037),
(20, 1000038),
(20, 1000039),
(20, 1000040),
(20, 1000041),
(20, 1000042),
(20, 1000043),
(20, 1000044),
(20, 1000045),
(20, 1000046),
(20, 1000047),
(20, 1000048),
(20, 1000049),
(20, 1000050),
(20, 1000051),
(20, 1000052),
(20, 1000053),
(20, 1000054),
(20, 1000055),

(21, 1000001),
(21, 1000002),
(21, 1000003),
(21, 1000004),
(21, 1000005),
(21, 1000006),
(21, 1000007),
(21, 1000008),
(21, 1000009),
(21, 1000010),
(21, 1000011),
(21, 1000012),
(21, 1000013),
(21, 1000014),
(21, 1000015),
(21, 1000016),
(21, 1000017),
(21, 1000018),
(21, 1000019),
(21, 1000020),
(21, 1000021),
(21, 1000022),
(21, 1000023),
(21, 1000024),
(21, 1000025),
(21, 1000026),
(21, 1000027),
(21, 1000028),
(21, 1000029),
(21, 1000030),
(21, 1000031),
(21, 1000032),
(21, 1000033),
(21, 1000034),
(21, 1000035),
(21, 1000036),
(21, 1000037),
(21, 1000038),
(21, 1000039),
(21, 1000040),
(21, 1000041),
(21, 1000042),
(21, 1000043),
(21, 1000044),
(21, 1000045),
(21, 1000046),
(21, 1000047),
(21, 1000048),
(21, 1000049),
(21, 1000050),
(21, 1000051),
(21, 1000052),
(21, 1000053),
(21, 1000054),
(21, 1000055),
(21, 1000056),
(21, 1000057),
(21, 1000058),
(21, 1000059),
(21, 1000060),
(21, 1000061),
(21, 1000062),
(21, 1000063),
(21, 1000064),
(21, 1000065),
(21, 1000066),
(21, 1000067),
(21, 1000068),
(21, 1000069),
(21, 1000070),
(21, 1000071),
(21, 1000072),
(21, 1000073),

(22, 1000001),
(22, 1000002),
(22, 1000003),
(22, 1000004),
(22, 1000005),
(22, 1000006),
(22, 1000007),
(22, 1000008),
(22, 1000009),
(22, 1000010),
(22, 1000011),
(22, 1000012),
(22, 1000013),
(22, 1000014),
(22, 1000015),
(22, 1000016),
(22, 1000017),
(22, 1000018),
(22, 1000019),
(22, 1000020),
(22, 1000021),
(22, 1000022),
(22, 1000023),
(22, 1000024),
(22, 1000025),
(22, 1000026),
(22, 1000027),
(22, 1000028),
(22, 1000029),
(22, 1000030),
(22, 1000031),
(22, 1000032),
(22, 1000033),
(22, 1000034),
(22, 1000035),
(22, 1000036),
(22, 1000037),
(22, 1000038),
(22, 1000039),
(22, 1000040),
(22, 1000041),
(22, 1000042),
(22, 1000043),
(22, 1000044),
(22, 1000045),
(22, 1000046),
(22, 1000047),
(22, 1000048),
(22, 1000049),
(22, 1000050),
(22, 1000051),
(22, 1000052),
(22, 1000053),
(22, 1000054),
(22, 1000055),
(22, 1000056),
(22, 1000057),
(22, 1000058),
(22, 1000059),
(22, 1000060),
(22, 1000061),
(22, 1000062),
(22, 1000063),
(22, 1000064),
(22, 1000065),
(22, 1000066),
(22, 1000067),
(22, 1000068),
(22, 1000069),
(22, 1000070),
(22, 1000071),
(22, 1000072),
(22, 1000073),

(23, 1000001),
(23, 1000002),
(23, 1000003),
(23, 1000004),
(23, 1000005),
(23, 1000006),
(23, 1000007),
(23, 1000008),
(23, 1000009),
(23, 1000010),
(23, 1000011),
(23, 1000012),
(23, 1000013),
(23, 1000014),
(23, 1000015),
(23, 1000016),
(23, 1000017),
(23, 1000018),
(23, 1000019),
(23, 1000020),
(23, 1000021),
(23, 1000022),
(23, 1000023),
(23, 1000024),
(23, 1000025),
(23, 1000026),
(23, 1000027),
(23, 1000028),
(23, 1000029),
(23, 1000030),
(23, 1000031),
(23, 1000032),
(23, 1000033),
(23, 1000034),
(23, 1000035),
(23, 1000036),
(23, 1000037),
(23, 1000038),
(23, 1000039),
(23, 1000040),
(23, 1000041),
(23, 1000042),
(23, 1000043),
(23, 1000044),
(23, 1000045),
(23, 1000046),
(23, 1000047),
(23, 1000048),
(23, 1000049),
(23, 1000050),
(23, 1000051),
(23, 1000052),
(23, 1000053),
(23, 1000054),
(23, 1000055),
(23, 1000056),
(23, 1000057),
(23, 1000058),
(23, 1000059),
(23, 1000060),
(23, 1000061),
(23, 1000062),
(23, 1000063),
(23, 1000064),
(23, 1000065),
(23, 1000066),
(23, 1000067),
(23, 1000068),
(23, 1000069),
(23, 1000070),
(23, 1000071),
(23, 1000072),
(23, 1000073),

(24, 1000001),
(24, 1000002),
(24, 1000003),
(24, 1000004),
(24, 1000005),
(24, 1000006),
(24, 1000007),
(24, 1000008),
(24, 1000009),
(24, 1000010),
(24, 1000011),
(24, 1000012),
(24, 1000013),
(24, 1000014),
(24, 1000015),
(24, 1000016),
(24, 1000017),
(24, 1000018),
(24, 1000019),
(24, 1000020),
(24, 1000021),
(24, 1000022),
(24, 1000023),
(24, 1000024),
(24, 1000025),
(24, 1000026),
(24, 1000027),
(24, 1000028),
(24, 1000029),
(24, 1000030),
(24, 1000031),
(24, 1000032),
(24, 1000033),
(24, 1000034),
(24, 1000035),
(24, 1000036),
(24, 1000037),
(24, 1000038),
(24, 1000039),
(24, 1000040),
(24, 1000041),
(24, 1000042),
(24, 1000043),
(24, 1000044),
(24, 1000045),
(24, 1000046),

(25, 1000001),
(25, 1000002),
(25, 1000003),
(25, 1000004),
(25, 1000005),
(25, 1000006),
(25, 1000007),
(25, 1000008),
(25, 1000009),
(25, 1000010),
(25, 1000011),
(25, 1000012),
(25, 1000013),
(25, 1000014),
(25, 1000015),
(25, 1000016),
(25, 1000017),
(25, 1000018),
(25, 1000019),
(25, 1000020),
(25, 1000021),
(25, 1000022),
(25, 1000023),
(25, 1000024),
(25, 1000025),
(25, 1000026),
(25, 1000027),
(25, 1000028),
(25, 1000029),
(25, 1000030),
(25, 1000031),
(25, 1000032),
(25, 1000033),
(25, 1000034),
(25, 1000035),
(25, 1000036),
(25, 1000037),
(25, 1000038),
(25, 1000039),
(25, 1000040),
(25, 1000041),
(25, 1000042),
(25, 1000043),
(25, 1000044),
(25, 1000045),
(25, 1000046);
